#VRML V2.0 utf8
# BUZ-TH_D9.0-H5.5-P4.0 passive buzzer, EasyEDA logo removed. Units: 0.1 inch.

Shape{
    appearance Appearance {
        material Material {
            diffuseColor 0.647059 0.647059 0.647059
            specularColor 0.3 0.3 0.3
            ambientIntensity 0.2235
            transparency 0.0
            shininess 0.5
        }
    }
    geometry IndexedFaceSet {
        ccw TRUE
        solid FALSE
        coord Coordinate {
            point [
0.295275590551 1.0632265455 2.16535433071,
            0.29490853973 1.07794481883 2.16535433071,
            0.293808299813 1.0926265002 2.16535433071,
            0.291977606169 1.10723508866 2.16535433071,
            0.289421010191 1.12173426495 2.16535433071,
            0.286144867981 1.13608798183 2.16535433071,
            0.282157324543 1.15026055369 2.16535433071,
            0.277468293539 1.1642167453 2.16535433071,
            0.272089432639 1.17792185936 2.16535433071,
            0.266034114538 1.1913418228 2.16535433071,
            0.259317393712 1.20444327147 2.16535433071,
            0.251955968986 1.21719363311 2.16535433071,
            0.243968142022 1.22956120831 2.16535433071,
            0.235373771818 1.24151524934 2.16535433071,
            0.22619422533 1.25302603655 2.16535433071,
            0.216452324359 1.26406495232 2.16535433071,
            0.206172288805 1.27460455217 2.16535433071,
            0.195379676456 1.28461863299 2.16535433071,
            0.184101319446 1.2940822982 2.16535433071,
            0.17236525755 1.30297201963 2.16535433071,
            0.160200668464 1.31126569604 2.16535433071,
            0.147637795276 1.31894270804 2.16535433071,
            0.134707871266 1.32598396936 2.16535433071,
            0.121443042263 1.33237197433 2.16535433071,
            0.107876286722 1.33809084136 2.16535433071,
            0.0940413337357 1.34312635244 2.16535433071,
            0.0799725791761 1.3474659885 2.16535433071,
            0.065705000184 1.35109896052 2.16535433071,
            0.0512740682087 1.35401623635 2.16535433071,
            0.0367156608211 1.3562105632 2.16535433071,
            0.0220659725157 1.35767648561 2.16535433071,
            0.00736142472581 1.35841035908 2.16535433071,
            -0.00736142472581 1.35841035908 2.16535433071,
            -0.0220659725157 1.35767648561 2.16535433071,
            -0.0367156608211 1.3562105632 2.16535433071,
            -0.0512740682087 1.35401623635 2.16535433071,
            -0.065705000184 1.35109896052 2.16535433071,
            -0.0799725791761 1.3474659885 2.16535433071,
            -0.0940413337357 1.34312635244 2.16535433071,
            -0.107876286722 1.33809084136 2.16535433071,
            -0.121443042263 1.33237197433 2.16535433071,
            -0.134707871266 1.32598396936 2.16535433071,
            -0.147637795276 1.31894270804 2.16535433071,
            -0.160200668464 1.31126569604 2.16535433071,
            -0.17236525755 1.30297201963 2.16535433071,
            -0.184101319446 1.2940822982 2.16535433071,
            -0.195379676456 1.28461863299 2.16535433071,
            -0.206172288805 1.27460455217 2.16535433071,
            -0.216452324359 1.26406495232 2.16535433071,
            -0.22619422533 1.25302603655 2.16535433071,
            -0.235373771818 1.24151524934 2.16535433071,
            -0.243968142022 1.22956120831 2.16535433071,
            -0.251955968986 1.21719363311 2.16535433071,
            -0.259317393712 1.20444327147 2.16535433071,
            -0.266034114538 1.1913418228 2.16535433071,
            -0.272089432639 1.17792185936 2.16535433071,
            -0.277468293539 1.1642167453 2.16535433071,
            -0.282157324543 1.15026055369 2.16535433071,
            -0.286144867981 1.13608798183 2.16535433071,
            -0.289421010191 1.12173426495 2.16535433071,
            -0.291977606169 1.10723508866 2.16535433071,
            -0.293808299813 1.0926265002 2.16535433071,
            -0.29490853973 1.07794481883 2.16535433071,
            -0.295275590551 1.0632265455 2.16535433071,
            -0.29490853973 1.04850827218 2.16535433071,
            -0.293808299813 1.0338265908 2.16535433071,
            -0.291977606169 1.01921800234 2.16535433071,
            -0.289421010191 1.00471882605 2.16535433071,
            -0.286144867981 0.990365109175 2.16535433071,
            -0.282157324543 0.976192537309 2.16535433071,
            -0.277468293539 0.9622363457 2.16535433071,
            -0.272089432639 0.94853123164 2.16535433071,
            -0.266034114538 0.935111268202 2.16535433071,
            -0.259317393712 0.92200981953 2.16535433071,
            -0.251955968986 0.909259457889 2.16535433071,
            -0.243968142022 0.896891882687 2.16535433071,
            -0.235373771818 0.884937841665 2.16535433071,
            -0.22619422533 0.873427054452 2.16535433071,
            -0.216452324359 0.862388138679 2.16535433071,
            -0.206172288805 0.85184853883 2.16535433071,
            -0.195379676456 0.84183445801 2.16535433071,
            -0.184101319446 0.832370792804 2.16535433071,
            -0.17236525755 0.823481071372 2.16535433071,
            -0.160200668464 0.815187394964 2.16535433071,
            -0.147637795276 0.807510382966 2.16535433071,
            -0.134707871266 0.800469121639 2.16535433071,
            -0.121443042263 0.794081116669 2.16535433071,
            -0.107876286722 0.788362249641 2.16535433071,
            -0.0940413337357 0.783326738562 2.16535433071,
            -0.0799725791761 0.778987102504 2.16535433071,
            -0.0657050001839 0.775354130486 2.16535433071,
            -0.0512740682087 0.772436854651 2.16535433071,
            -0.0367156608211 0.770242527804 2.16535433071,
            -0.0220659725157 0.768776605388 2.16535433071,
            -0.00736142472581 0.768042731918 2.16535433071,
            0.00736142472581 0.768042731918 2.16535433071,
            0.0220659725157 0.768776605388 2.16535433071,
            0.0367156608211 0.770242527804 2.16535433071,
            0.0512740682087 0.772436854651 2.16535433071,
            0.065705000184 0.775354130486 2.16535433071,
            0.0799725791761 0.778987102504 2.16535433071,
            0.0940413337357 0.783326738562 2.16535433071,
            0.107876286722 0.788362249641 2.16535433071,
            0.121443042263 0.794081116669 2.16535433071,
            0.134707871266 0.800469121639 2.16535433071,
            0.147637795276 0.807510382966 2.16535433071,
            0.160200668464 0.815187394964 2.16535433071,
            0.17236525755 0.823481071372 2.16535433071,
            0.184101319446 0.832370792804 2.16535433071,
            0.195379676456 0.84183445801 2.16535433071,
            0.206172288805 0.85184853883 2.16535433071,
            0.216452324359 0.862388138679 2.16535433071,
            0.22619422533 0.873427054452 2.16535433071,
            0.235373771818 0.884937841665 2.16535433071,
            0.243968142022 0.896891882687 2.16535433071,
            0.251955968986 0.909259457889 2.16535433071,
            0.259317393712 0.92200981953 2.16535433071,
            0.266034114538 0.935111268202 2.16535433071,
            0.272089432639 0.94853123164 2.16535433071,
            0.277468293539 0.9622363457 2.16535433071,
            0.282157324543 0.976192537309 2.16535433071,
            0.286144867981 0.990365109175 2.16535433071,
            0.289421010192 1.00471882605 2.16535433071,
            0.291977606169 1.01921800234 2.16535433071,
            0.293808299813 1.0338265908 2.16535433071,
            0.29490853973 1.04850827218 2.16535433071,
            0.295275590551 1.0632265455 2.16535433071,
            0.295275590551 1.0632265455 2.16141732283,
            0.29490853973 1.07794481883 2.16141732283,
            0.293808299813 1.0926265002 2.16141732283,
            0.291977606169 1.10723508866 2.16141732283,
            0.289421010191 1.12173426495 2.16141732283,
            0.286144867981 1.13608798183 2.16141732283,
            0.282157324543 1.15026055369 2.16141732283,
            0.277468293539 1.1642167453 2.16141732283,
            0.272089432639 1.17792185936 2.16141732283,
            0.266034114538 1.1913418228 2.16141732283,
            0.259317393712 1.20444327147 2.16141732283,
            0.251955968986 1.21719363311 2.16141732283,
            0.243968142022 1.22956120831 2.16141732283,
            0.235373771818 1.24151524934 2.16141732283,
            0.22619422533 1.25302603655 2.16141732283,
            0.216452324359 1.26406495232 2.16141732283,
            0.206172288805 1.27460455217 2.16141732283,
            0.195379676456 1.28461863299 2.16141732283,
            0.184101319446 1.2940822982 2.16141732283,
            0.17236525755 1.30297201963 2.16141732283,
            0.160200668464 1.31126569604 2.16141732283,
            0.147637795276 1.31894270804 2.16141732283,
            0.134707871266 1.32598396936 2.16141732283,
            0.121443042263 1.33237197433 2.16141732283,
            0.107876286722 1.33809084136 2.16141732283,
            0.0940413337357 1.34312635244 2.16141732283,
            0.0799725791761 1.3474659885 2.16141732283,
            0.065705000184 1.35109896052 2.16141732283,
            0.0512740682087 1.35401623635 2.16141732283,
            0.0367156608211 1.3562105632 2.16141732283,
            0.0220659725157 1.35767648561 2.16141732283,
            0.00736142472581 1.35841035908 2.16141732283,
            -0.00736142472581 1.35841035908 2.16141732283,
            -0.0220659725157 1.35767648561 2.16141732283,
            -0.0367156608211 1.3562105632 2.16141732283,
            -0.0512740682087 1.35401623635 2.16141732283,
            -0.065705000184 1.35109896052 2.16141732283,
            -0.0799725791761 1.3474659885 2.16141732283,
            -0.0940413337357 1.34312635244 2.16141732283,
            -0.107876286722 1.33809084136 2.16141732283,
            -0.121443042263 1.33237197433 2.16141732283,
            -0.134707871266 1.32598396936 2.16141732283,
            -0.147637795276 1.31894270804 2.16141732283,
            -0.160200668464 1.31126569604 2.16141732283,
            -0.17236525755 1.30297201963 2.16141732283,
            -0.184101319446 1.2940822982 2.16141732283,
            -0.195379676456 1.28461863299 2.16141732283,
            -0.206172288805 1.27460455217 2.16141732283,
            -0.216452324359 1.26406495232 2.16141732283,
            -0.22619422533 1.25302603655 2.16141732283,
            -0.235373771818 1.24151524934 2.16141732283,
            -0.243968142022 1.22956120831 2.16141732283,
            -0.251955968986 1.21719363311 2.16141732283,
            -0.259317393712 1.20444327147 2.16141732283,
            -0.266034114538 1.1913418228 2.16141732283,
            -0.272089432639 1.17792185936 2.16141732283,
            -0.277468293539 1.1642167453 2.16141732283,
            -0.282157324543 1.15026055369 2.16141732283,
            -0.286144867981 1.13608798183 2.16141732283,
            -0.289421010191 1.12173426495 2.16141732283,
            -0.291977606169 1.10723508866 2.16141732283,
            -0.293808299813 1.0926265002 2.16141732283,
            -0.29490853973 1.07794481883 2.16141732283,
            -0.295275590551 1.0632265455 2.16141732283,
            -0.29490853973 1.04850827218 2.16141732283,
            -0.293808299813 1.0338265908 2.16141732283,
            -0.291977606169 1.01921800234 2.16141732283,
            -0.289421010191 1.00471882605 2.16141732283,
            -0.286144867981 0.990365109175 2.16141732283,
            -0.282157324543 0.976192537309 2.16141732283,
            -0.277468293539 0.9622363457 2.16141732283,
            -0.272089432639 0.94853123164 2.16141732283,
            -0.266034114538 0.935111268202 2.16141732283,
            -0.259317393712 0.92200981953 2.16141732283,
            -0.251955968986 0.909259457889 2.16141732283,
            -0.243968142022 0.896891882687 2.16141732283,
            -0.235373771818 0.884937841665 2.16141732283,
            -0.22619422533 0.873427054452 2.16141732283,
            -0.216452324359 0.862388138679 2.16141732283,
            -0.206172288805 0.85184853883 2.16141732283,
            -0.195379676456 0.84183445801 2.16141732283,
            -0.184101319446 0.832370792804 2.16141732283,
            -0.17236525755 0.823481071372 2.16141732283,
            -0.160200668464 0.815187394964 2.16141732283,
            -0.147637795276 0.807510382966 2.16141732283,
            -0.134707871266 0.800469121639 2.16141732283,
            -0.121443042263 0.794081116669 2.16141732283,
            -0.107876286722 0.788362249641 2.16141732283,
            -0.0940413337357 0.783326738562 2.16141732283,
            -0.0799725791761 0.778987102504 2.16141732283,
            -0.0657050001839 0.775354130486 2.16141732283,
            -0.0512740682087 0.772436854651 2.16141732283,
            -0.0367156608211 0.770242527804 2.16141732283,
            -0.0220659725157 0.768776605388 2.16141732283,
            -0.00736142472581 0.768042731918 2.16141732283,
            0.00736142472581 0.768042731918 2.16141732283,
            0.0220659725157 0.768776605388 2.16141732283,
            0.0367156608211 0.770242527804 2.16141732283,
            0.0512740682087 0.772436854651 2.16141732283,
            0.065705000184 0.775354130486 2.16141732283,
            0.0799725791761 0.778987102504 2.16141732283,
            0.0940413337357 0.783326738562 2.16141732283,
            0.107876286722 0.788362249641 2.16141732283,
            0.121443042263 0.794081116669 2.16141732283,
            0.134707871266 0.800469121639 2.16141732283,
            0.147637795276 0.807510382966 2.16141732283,
            0.160200668464 0.815187394964 2.16141732283,
            0.17236525755 0.823481071372 2.16141732283,
            0.184101319446 0.832370792804 2.16141732283,
            0.195379676456 0.84183445801 2.16141732283,
            0.206172288805 0.85184853883 2.16141732283,
            0.216452324359 0.862388138679 2.16141732283,
            0.22619422533 0.873427054452 2.16141732283,
            0.235373771818 0.884937841665 2.16141732283,
            0.243968142022 0.896891882687 2.16141732283,
            0.251955968986 0.909259457889 2.16141732283,
            0.259317393712 0.92200981953 2.16141732283,
            0.266034114538 0.935111268202 2.16141732283,
            0.272089432639 0.94853123164 2.16141732283,
            0.277468293539 0.9622363457 2.16141732283,
            0.282157324543 0.976192537309 2.16141732283,
            0.286144867981 0.990365109175 2.16141732283,
            0.289421010191 1.00471882605 2.16141732283,
            0.291977606169 1.01921800234 2.16141732283,
            0.293808299813 1.0338265908 2.16141732283,
            0.29490853973 1.04850827218 2.16141732283,
            0.295275590551 1.0632265455 2.16141732283
            ]
        }
        normal Normal {
            vector [
-1 0 0,
            -0.998756921219 -0.0498458856607 0,
            -0.995030775365 -0.0995678465958 0,
            -0.988830826225 -0.149042266176 0,
            -0.980172487849 -0.198146143199 0,
            -0.969077286229 -0.24675739769 0,
            -0.955572805786 -0.294755174411 0,
            -0.939692620786 -0.342020143326 0,
            -0.92147621187 -0.388434796275 0,
            -0.900968867902 -0.433883739118 0,
            -0.87822157337 -0.478253978621 0,
            -0.853290881632 -0.521435203379 0,
            -0.826238774316 -0.563320058064 0,
            -0.797132507223 -0.603804410325 0,
            -0.766044443119 -0.642787609687 0,
            -0.73305187183 -0.680172737771 0,
            -0.698236818086 -0.71586684926 0,
            -0.661685837597 -0.749781202968 0,
            -0.623489801859 -0.781831482468 0,
            -0.583743672235 -0.811938005716 0,
            -0.542546263866 -0.840025923151 0,
            -0.5 -0.866025403784 0,
            -0.456210657353 -0.889871808811 0,
            -0.411287103131 -0.911505852312 0,
            -0.365341024366 -0.930873748644 0,
            -0.318486650252 -0.947927346167 0,
            -0.270840468143 -0.96262424695 0,
            -0.222520933956 -0.974927912182 0,
            -0.173648177667 -0.984807753012 0,
            -0.124343704647 -0.9922392066 0,
            -0.0747300935864 -0.997203797181 0,
            -0.0249306917381 -0.999689182001 0,
            0.0249306917381 -0.999689182001 0,
            0.0747300935864 -0.997203797181 0,
            0.124343704647 -0.9922392066 0,
            0.173648177667 -0.984807753012 0,
            0.222520933956 -0.974927912182 0,
            0.270840468143 -0.96262424695 0,
            0.318486650252 -0.947927346167 0,
            0.365341024366 -0.930873748644 0,
            0.411287103131 -0.911505852312 0,
            0.456210657353 -0.889871808811 0,
            0.5 -0.866025403784 0,
            0.542546263866 -0.840025923151 0,
            0.583743672235 -0.811938005716 0,
            0.623489801859 -0.781831482468 0,
            0.661685837597 -0.749781202968 0,
            0.698236818086 -0.71586684926 0,
            0.73305187183 -0.680172737771 0,
            0.766044443119 -0.642787609687 0,
            0.797132507223 -0.603804410325 0,
            0.826238774316 -0.563320058064 0,
            0.853290881632 -0.521435203379 0,
            0.87822157337 -0.478253978621 0,
            0.900968867902 -0.433883739118 0,
            0.92147621187 -0.388434796275 0,
            0.939692620786 -0.342020143326 0,
            0.955572805786 -0.294755174411 0,
            0.969077286229 -0.24675739769 0,
            0.980172487849 -0.198146143199 0,
            0.988830826225 -0.149042266176 0,
            0.995030775365 -0.0995678465958 0,
            0.998756921219 -0.0498458856607 0,
            1 0 0,
            0.998756921219 0.0498458856607 0,
            0.995030775365 0.0995678465958 0,
            0.988830826225 0.149042266176 0,
            0.980172487849 0.198146143199 0,
            0.969077286229 0.24675739769 0,
            0.955572805786 0.294755174411 0,
            0.939692620786 0.342020143326 0,
            0.92147621187 0.388434796275 0,
            0.900968867902 0.433883739118 0,
            0.87822157337 0.478253978621 0,
            0.853290881632 0.52143520338 0,
            0.826238774316 0.563320058064 0,
            0.797132507223 0.603804410325 0,
            0.766044443119 0.642787609687 0,
            0.73305187183 0.680172737771 0,
            0.698236818086 0.71586684926 0,
            0.661685837597 0.749781202968 0,
            0.623489801859 0.781831482468 0,
            0.583743672235 0.811938005716 0,
            0.542546263866 0.840025923151 0,
            0.5 0.866025403784 0,
            0.456210657353 0.889871808811 0,
            0.411287103131 0.911505852312 0,
            0.365341024366 0.930873748644 0,
            0.318486650252 0.947927346167 0,
            0.270840468143 0.96262424695 0,
            0.222520933956 0.974927912182 0,
            0.173648177667 0.984807753012 0,
            0.124343704647 0.9922392066 0,
            0.0747300935864 0.997203797181 0,
            0.0249306917381 0.999689182001 0,
            -0.0249306917381 0.999689182001 0,
            -0.0747300935864 0.997203797181 0,
            -0.124343704647 0.9922392066 0,
            -0.173648177667 0.984807753012 0,
            -0.222520933956 0.974927912182 0,
            -0.270840468143 0.96262424695 0,
            -0.318486650252 0.947927346167 0,
            -0.365341024366 0.930873748644 0,
            -0.411287103131 0.911505852312 0,
            -0.456210657353 0.889871808811 0,
            -0.5 0.866025403784 0,
            -0.542546263866 0.840025923151 0,
            -0.583743672235 0.811938005716 0,
            -0.623489801859 0.781831482468 0,
            -0.661685837597 0.749781202968 0,
            -0.698236818086 0.71586684926 0,
            -0.73305187183 0.680172737771 0,
            -0.766044443119 0.642787609687 0,
            -0.797132507223 0.603804410325 0,
            -0.826238774316 0.563320058064 0,
            -0.853290881632 0.521435203379 0,
            -0.87822157337 0.478253978621 0,
            -0.900968867902 0.433883739118 0,
            -0.92147621187 0.388434796275 0,
            -0.939692620786 0.342020143326 0,
            -0.955572805786 0.294755174411 0,
            -0.969077286229 0.24675739769 0,
            -0.980172487849 0.198146143199 0,
            -0.988830826225 0.149042266176 0,
            -0.995030775365 0.0995678465958 0,
            -0.998756921219 0.0498458856607 0,
            -1 0 0,
            -1 0 0,
            -0.998756921219 -0.0498458856607 0,
            -0.995030775365 -0.0995678465958 0,
            -0.988830826225 -0.149042266176 0,
            -0.980172487849 -0.198146143199 0,
            -0.969077286229 -0.24675739769 0,
            -0.955572805786 -0.294755174411 0,
            -0.939692620786 -0.342020143326 0,
            -0.92147621187 -0.388434796275 0,
            -0.900968867902 -0.433883739118 0,
            -0.87822157337 -0.478253978621 0,
            -0.853290881632 -0.521435203379 0,
            -0.826238774316 -0.563320058064 0,
            -0.797132507223 -0.603804410325 0,
            -0.766044443119 -0.642787609687 0,
            -0.73305187183 -0.680172737771 0,
            -0.698236818086 -0.71586684926 0,
            -0.661685837597 -0.749781202968 0,
            -0.623489801859 -0.781831482468 0,
            -0.583743672235 -0.811938005716 0,
            -0.542546263866 -0.840025923151 0,
            -0.5 -0.866025403784 0,
            -0.456210657353 -0.889871808811 0,
            -0.411287103131 -0.911505852312 0,
            -0.365341024366 -0.930873748644 0,
            -0.318486650252 -0.947927346167 0,
            -0.270840468143 -0.96262424695 0,
            -0.222520933956 -0.974927912182 0,
            -0.173648177667 -0.984807753012 0,
            -0.124343704647 -0.9922392066 0,
            -0.0747300935864 -0.997203797181 0,
            -0.0249306917381 -0.999689182001 0,
            0.0249306917381 -0.999689182001 0,
            0.0747300935864 -0.997203797181 0,
            0.124343704647 -0.9922392066 0,
            0.173648177667 -0.984807753012 0,
            0.222520933956 -0.974927912182 0,
            0.270840468143 -0.96262424695 0,
            0.318486650252 -0.947927346167 0,
            0.365341024366 -0.930873748644 0,
            0.411287103131 -0.911505852312 0,
            0.456210657353 -0.889871808811 0,
            0.5 -0.866025403784 0,
            0.542546263866 -0.840025923151 0,
            0.583743672235 -0.811938005716 0,
            0.623489801859 -0.781831482468 0,
            0.661685837597 -0.749781202968 0,
            0.698236818086 -0.71586684926 0,
            0.73305187183 -0.680172737771 0,
            0.766044443119 -0.642787609687 0,
            0.797132507223 -0.603804410325 0,
            0.826238774316 -0.563320058064 0,
            0.853290881632 -0.521435203379 0,
            0.87822157337 -0.478253978621 0,
            0.900968867902 -0.433883739118 0,
            0.92147621187 -0.388434796275 0,
            0.939692620786 -0.342020143326 0,
            0.955572805786 -0.294755174411 0,
            0.969077286229 -0.24675739769 0,
            0.980172487849 -0.198146143199 0,
            0.988830826225 -0.149042266176 0,
            0.995030775365 -0.0995678465958 0,
            0.998756921219 -0.0498458856607 0,
            1 0 0,
            0.998756921219 0.0498458856607 0,
            0.995030775365 0.0995678465958 0,
            0.988830826225 0.149042266176 0,
            0.980172487849 0.198146143199 0,
            0.969077286229 0.24675739769 0,
            0.955572805786 0.294755174411 0,
            0.939692620786 0.342020143326 0,
            0.92147621187 0.388434796275 0,
            0.900968867902 0.433883739118 0,
            0.87822157337 0.478253978621 0,
            0.853290881632 0.521435203379 0,
            0.826238774316 0.563320058064 0,
            0.797132507223 0.603804410325 0,
            0.766044443119 0.642787609687 0,
            0.73305187183 0.680172737771 0,
            0.698236818086 0.71586684926 0,
            0.661685837597 0.749781202968 0,
            0.623489801859 0.781831482468 0,
            0.583743672235 0.811938005716 0,
            0.542546263866 0.840025923151 0,
            0.5 0.866025403784 0,
            0.456210657353 0.889871808811 0,
            0.411287103131 0.911505852312 0,
            0.365341024366 0.930873748644 0,
            0.318486650252 0.947927346167 0,
            0.270840468143 0.96262424695 0,
            0.222520933956 0.974927912182 0,
            0.173648177667 0.984807753012 0,
            0.124343704647 0.9922392066 0,
            0.0747300935864 0.997203797181 0,
            0.0249306917381 0.999689182001 0,
            -0.0249306917381 0.999689182001 0,
            -0.0747300935864 0.997203797181 0,
            -0.124343704647 0.9922392066 0,
            -0.173648177667 0.984807753012 0,
            -0.222520933956 0.974927912182 0,
            -0.270840468143 0.96262424695 0,
            -0.318486650252 0.947927346167 0,
            -0.365341024366 0.930873748644 0,
            -0.411287103131 0.911505852312 0,
            -0.456210657353 0.889871808811 0,
            -0.5 0.866025403784 0,
            -0.542546263866 0.840025923151 0,
            -0.583743672235 0.811938005716 0,
            -0.623489801859 0.781831482468 0,
            -0.661685837597 0.749781202968 0,
            -0.698236818086 0.71586684926 0,
            -0.73305187183 0.680172737771 0,
            -0.766044443119 0.642787609687 0,
            -0.797132507223 0.603804410325 0,
            -0.826238774316 0.563320058064 0,
            -0.853290881632 0.521435203379 0,
            -0.87822157337 0.478253978621 0,
            -0.900968867902 0.433883739118 0,
            -0.92147621187 0.388434796275 0,
            -0.939692620786 0.342020143326 0,
            -0.955572805786 0.294755174411 0,
            -0.969077286229 0.24675739769 0,
            -0.980172487849 0.198146143199 0,
            -0.988830826225 0.149042266176 0,
            -0.995030775365 0.0995678465958 0,
            -0.998756921219 0.0498458856607 0,
            -1 0 0
            ]
        }
        coordIndex [
1,127,0, -1,
          1,128,127, -1,
          2,129,128, -1,
          2,128,1, -1,
          3,130,129, -1,
          3,129,2, -1,
          4,131,130, -1,
          4,130,3, -1,
          5,132,131, -1,
          5,131,4, -1,
          6,133,132, -1,
          6,132,5, -1,
          7,134,133, -1,
          7,133,6, -1,
          8,135,134, -1,
          8,134,7, -1,
          9,136,135, -1,
          9,135,8, -1,
          10,137,136, -1,
          10,136,9, -1,
          11,137,10, -1,
          11,138,137, -1,
          12,138,11, -1,
          12,139,138, -1,
          13,139,12, -1,
          13,140,139, -1,
          14,140,13, -1,
          14,141,140, -1,
          15,141,14, -1,
          15,142,141, -1,
          16,142,15, -1,
          16,143,142, -1,
          17,143,16, -1,
          17,144,143, -1,
          18,144,17, -1,
          18,145,144, -1,
          19,145,18, -1,
          19,146,145, -1,
          20,146,19, -1,
          20,147,146, -1,
          21,147,20, -1,
          21,148,147, -1,
          22,148,21, -1,
          22,149,148, -1,
          23,150,149, -1,
          23,149,22, -1,
          24,151,150, -1,
          24,150,23, -1,
          25,152,151, -1,
          25,151,24, -1,
          26,153,152, -1,
          26,152,25, -1,
          27,154,153, -1,
          27,153,26, -1,
          28,155,154, -1,
          28,154,27, -1,
          29,156,155, -1,
          29,155,28, -1,
          30,157,156, -1,
          30,156,29, -1,
          31,158,157, -1,
          31,157,30, -1,
          32,159,158, -1,
          32,158,31, -1,
          33,160,159, -1,
          33,159,32, -1,
          34,161,160, -1,
          34,160,33, -1,
          35,162,161, -1,
          35,161,34, -1,
          36,163,162, -1,
          36,162,35, -1,
          37,163,36, -1,
          37,164,163, -1,
          38,164,37, -1,
          38,165,164, -1,
          39,165,38, -1,
          39,166,165, -1,
          40,166,39, -1,
          40,167,166, -1,
          41,167,40, -1,
          41,168,167, -1,
          42,168,41, -1,
          42,169,168, -1,
          43,169,42, -1,
          43,170,169, -1,
          44,170,43, -1,
          44,171,170, -1,
          45,171,44, -1,
          45,172,171, -1,
          46,172,45, -1,
          46,173,172, -1,
          47,173,46, -1,
          47,174,173, -1,
          48,174,47, -1,
          48,175,174, -1,
          49,175,48, -1,
          49,176,175, -1,
          50,176,49, -1,
          50,177,176, -1,
          51,177,50, -1,
          51,178,177, -1,
          52,178,51, -1,
          52,179,178, -1,
          53,179,52, -1,
          53,180,179, -1,
          54,180,53, -1,
          54,181,180, -1,
          55,181,54, -1,
          55,182,181, -1,
          56,182,55, -1,
          56,183,182, -1,
          57,183,56, -1,
          57,184,183, -1,
          58,185,184, -1,
          58,184,57, -1,
          59,186,185, -1,
          59,185,58, -1,
          60,187,186, -1,
          60,186,59, -1,
          61,188,187, -1,
          61,187,60, -1,
          62,188,61, -1,
          62,189,188, -1,
          63,189,62, -1,
          63,190,189, -1,
          64,190,63, -1,
          64,191,190, -1,
          65,191,64, -1,
          65,192,191, -1,
          65,193,192, -1,
          66,193,65, -1,
          67,193,66, -1,
          67,194,193, -1,
          68,194,67, -1,
          68,195,194, -1,
          69,195,68, -1,
          69,196,195, -1,
          70,196,69, -1,
          70,197,196, -1,
          71,197,70, -1,
          71,198,197, -1,
          71,199,198, -1,
          72,199,71, -1,
          73,199,72, -1,
          73,200,199, -1,
          74,202,201, -1,
          74,200,73, -1,
          74,201,200, -1,
          75,202,74, -1,
          76,203,202, -1,
          76,204,203, -1,
          76,202,75, -1,
          77,204,76, -1,
          78,205,204, -1,
          78,204,77, -1,
          79,206,205, -1,
          79,207,206, -1,
          79,205,78, -1,
          80,207,79, -1,
          81,208,207, -1,
          81,209,208, -1,
          81,207,80, -1,
          82,209,81, -1,
          83,210,209, -1,
          83,209,82, -1,
          84,211,210, -1,
          84,212,211, -1,
          84,210,83, -1,
          85,212,84, -1,
          86,213,212, -1,
          86,214,213, -1,
          86,212,85, -1,
          87,214,86, -1,
          88,214,87, -1,
          88,215,214, -1,
          88,216,215, -1,
          89,216,88, -1,
          89,217,216, -1,
          90,218,217, -1,
          90,217,89, -1,
          91,218,90, -1,
          92,219,218, -1,
          92,218,91, -1,
          93,220,219, -1,
          93,221,220, -1,
          93,219,92, -1,
          94,221,93, -1,
          95,222,221, -1,
          95,223,222, -1,
          95,221,94, -1,
          96,223,95, -1,
          97,224,223, -1,
          97,223,96, -1,
          98,225,224, -1,
          98,224,97, -1,
          99,226,225, -1,
          99,225,98, -1,
          100,227,226, -1,
          100,228,227, -1,
          100,226,99, -1,
          101,229,228, -1,
          101,228,100, -1,
          102,229,101, -1,
          103,230,229, -1,
          103,229,102, -1,
          104,231,230, -1,
          104,230,103, -1,
          105,232,231, -1,
          105,233,232, -1,
          105,231,104, -1,
          106,233,105, -1,
          107,234,233, -1,
          107,235,234, -1,
          107,233,106, -1,
          108,235,107, -1,
          109,236,235, -1,
          109,235,108, -1,
          110,237,236, -1,
          110,236,109, -1,
          111,238,237, -1,
          111,237,110, -1,
          112,238,111, -1,
          112,239,238, -1,
          113,239,112, -1,
          113,240,239, -1,
          113,241,240, -1,
          114,241,113, -1,
          115,241,114, -1,
          115,242,241, -1,
          116,242,115, -1,
          116,243,242, -1,
          117,243,116, -1,
          117,244,243, -1,
          117,245,244, -1,
          118,245,117, -1,
          118,246,245, -1,
          119,246,118, -1,
          119,247,246, -1,
          120,247,119, -1,
          121,247,120, -1,
          121,248,247, -1,
          122,248,121, -1,
          122,249,248, -1,
          123,249,122, -1,
          123,250,249, -1,
          124,251,250, -1,
          124,252,251, -1,
          124,250,123, -1,
          125,252,124, -1,
          126,253,252, -1,
          126,252,125, -1
        ]
    }
}

Shape{
    appearance Appearance {
        material Material {
            diffuseColor 0.223529 0.223529 0.223529
            specularColor 0.113725 0.113725 0.113725
            ambientIntensity 0.2235
            transparency 0.0
            shininess 0.5
        }
    }
    geometry IndexedFaceSet {
        ccw TRUE
        solid FALSE
        coord Coordinate {
            point [
-1.77165354331 0 2.16535433071,
            -1.76945123838 -0.0883096399501 2.16535433071,
            -1.76284979888 -0.176399728221 2.16535433071,
            -1.75186563701 -0.264051258974 2.16535433071,
            -1.73652606115 -0.351046316692 2.16535433071,
            -1.71686920789 -0.437168617955 2.16535433071,
            -1.69294394726 -0.522204049153 2.16535433071,
            -1.66480976123 -0.605941198805 2.16535433071,
            -1.63253659583 -0.688171883164 2.16535433071,
            -1.59620468723 -0.768691663791 2.16535433071,
            -1.55590436227 -0.847300355825 2.16535433071,
            -1.51173581392 -0.923802525672 2.16535433071,
            -1.46380885213 -0.998007976884 2.16535433071,
            -1.41224263091 -1.06973222302 2.16535433071,
            -1.35716535198 -1.1387969463 2.16535433071,
            -1.29871394616 -1.20503044093 2.16535433071,
            -1.23703373283 -1.26826804003 2.16535433071,
            -1.17227805873 -1.32835252494 2.16535433071,
            -1.10460791668 -1.38513451618 2.16535433071,
            -1.0341915453 -1.43847284477 2.16535433071,
            -0.961204010786 -1.48823490322 2.16535433071,
            -0.885826771654 -1.53429697521 2.16535433071,
            -0.808247227594 -1.57654454317 2.16535433071,
            -0.728658253578 -1.61487257299 2.16535433071,
            -0.647257720334 -1.64918577516 2.16535433071,
            -0.564248002414 -1.67939884163 2.16535433071,
            -0.479835475057 -1.70543665798 2.16535433071,
            -0.394230001104 -1.72723449009 2.16535433071,
            -0.307644409252 -1.7447381451 2.16535433071,
            -0.220293964927 -1.75790410618 2.16535433071,
            -0.132395835094 -1.76669964068 2.16535433071,
            -0.0441685483549 -1.7711028815 2.16535433071,
            0.0441685483549 -1.7711028815 2.16535433071,
            0.132395835094 -1.76669964068 2.16535433071,
            0.220293964927 -1.75790410618 2.16535433071,
            0.307644409252 -1.7447381451 2.16535433071,
            0.394230001104 -1.72723449009 2.16535433071,
            0.479835475057 -1.70543665798 2.16535433071,
            0.564248002414 -1.67939884163 2.16535433071,
            0.647257720334 -1.64918577516 2.16535433071,
            0.728658253578 -1.61487257299 2.16535433071,
            0.808247227594 -1.57654454317 2.16535433071,
            0.885826771654 -1.53429697521 2.16535433071,
            0.961204010786 -1.48823490322 2.16535433071,
            1.0341915453 -1.43847284477 2.16535433071,
            1.10460791668 -1.38513451618 2.16535433071,
            1.17227805873 -1.32835252494 2.16535433071,
            1.23703373283 -1.26826804003 2.16535433071,
            1.29871394616 -1.20503044093 2.16535433071,
            1.35716535198 -1.1387969463 2.16535433071,
            1.41224263091 -1.06973222302 2.16535433071,
            1.46380885213 -0.998007976884 2.16535433071,
            1.51173581392 -0.923802525672 2.16535433071,
            1.55590436227 -0.847300355825 2.16535433071,
            1.59620468723 -0.768691663791 2.16535433071,
            1.63253659583 -0.688171883164 2.16535433071,
            1.66480976123 -0.605941198805 2.16535433071,
            1.69294394726 -0.522204049153 2.16535433071,
            1.71686920789 -0.437168617955 2.16535433071,
            1.73652606115 -0.351046316692 2.16535433071,
            1.75186563701 -0.264051258974 2.16535433071,
            1.76284979888 -0.176399728221 2.16535433071,
            1.76945123838 -0.08830963995 2.16535433071,
            1.77165354331 5.68540953761e-15 2.16535433071,
            1.76945123838 0.0883096399501 2.16535433071,
            1.76284979888 0.176399728221 2.16535433071,
            1.75186563701 0.264051258974 2.16535433071,
            1.73652606115 0.351046316692 2.16535433071,
            1.71686920789 0.437168617955 2.16535433071,
            1.69294394726 0.522204049153 2.16535433071,
            1.66480976123 0.605941198805 2.16535433071,
            1.63253659583 0.688171883164 2.16535433071,
            1.59620468723 0.768691663791 2.16535433071,
            1.55590436227 0.847300355825 2.16535433071,
            1.51173581392 0.923802525672 2.16535433071,
            1.46380885213 0.998007976884 2.16535433071,
            1.41224263091 1.06973222302 2.16535433071,
            1.35716535198 1.1387969463 2.16535433071,
            1.29871394616 1.20503044093 2.16535433071,
            1.23703373283 1.26826804003 2.16535433071,
            1.17227805873 1.32835252494 2.16535433071,
            1.10460791668 1.38513451618 2.16535433071,
            1.0341915453 1.43847284477 2.16535433071,
            0.961204010786 1.48823490322 2.16535433071,
            0.885826771654 1.53429697521 2.16535433071,
            0.808247227594 1.57654454317 2.16535433071,
            0.728658253578 1.61487257299 2.16535433071,
            0.647257720334 1.64918577516 2.16535433071,
            0.564248002414 1.67939884163 2.16535433071,
            0.479835475056 1.70543665798 2.16535433071,
            0.394230001104 1.72723449009 2.16535433071,
            0.307644409252 1.7447381451 2.16535433071,
            0.220293964927 1.75790410618 2.16535433071,
            0.132395835094 1.76669964068 2.16535433071,
            0.0441685483548 1.7711028815 2.16535433071,
            -0.0441685483549 1.7711028815 2.16535433071,
            -0.132395835094 1.76669964068 2.16535433071,
            -0.220293964927 1.75790410618 2.16535433071,
            -0.307644409252 1.7447381451 2.16535433071,
            -0.394230001104 1.72723449009 2.16535433071,
            -0.479835475057 1.70543665798 2.16535433071,
            -0.564248002414 1.67939884163 2.16535433071,
            -0.647257720334 1.64918577516 2.16535433071,
            -0.728658253578 1.61487257299 2.16535433071,
            -0.808247227594 1.57654454317 2.16535433071,
            -0.885826771654 1.53429697521 2.16535433071,
            -0.961204010786 1.48823490322 2.16535433071,
            -1.0341915453 1.43847284477 2.16535433071,
            -1.10460791668 1.38513451618 2.16535433071,
            -1.17227805873 1.32835252494 2.16535433071,
            -1.23703373283 1.26826804003 2.16535433071,
            -1.29871394616 1.20503044093 2.16535433071,
            -1.35716535198 1.1387969463 2.16535433071,
            -1.41224263091 1.06973222302 2.16535433071,
            -1.46380885213 0.998007976884 2.16535433071,
            -1.51173581392 0.923802525672 2.16535433071,
            -1.55590436227 0.847300355825 2.16535433071,
            -1.59620468723 0.768691663791 2.16535433071,
            -1.63253659583 0.688171883164 2.16535433071,
            -1.66480976123 0.605941198805 2.16535433071,
            -1.69294394726 0.522204049153 2.16535433071,
            -1.71686920789 0.437168617955 2.16535433071,
            -1.73652606115 0.351046316692 2.16535433071,
            -1.75186563701 0.264051258974 2.16535433071,
            -1.76284979888 0.176399728221 2.16535433071,
            -1.76945123838 0.08830963995 2.16535433071,
            0.393700787402 0 2.16535433071,
            0.393211386307 -0.0196243644333 2.16535433071,
            0.39174439975 -0.0391999396047 2.16535433071,
            0.389303474892 -0.0586780575497 2.16535433071,
            0.385894680255 -0.0780102925982 2.16535433071,
            0.381526490641 -0.0971485817678 2.16535433071,
            0.376209766058 -0.116045344256 2.16535433071,
            0.369957724719 -0.134653599735 2.16535433071,
            0.362785910185 -0.152927085148 2.16535433071,
            0.354712152717 -0.170820369731 2.16535433071,
            0.345756524949 -0.188288967961 2.16535433071,
            0.335941291981 -0.205289450149 2.16535433071,
            0.32529085603 -0.221779550419 2.16535433071,
            0.313831695757 -0.237718271782 2.16535433071,
            0.301592300441 -0.253065988066 2.16535433071,
            0.288603099146 -0.267784542429 2.16535433071,
            0.274896385073 -0.281837342228 2.16535433071,
            0.260506235274 -0.295189449987 2.16535433071,
            0.245468425929 -0.307807670263 2.16535433071,
            0.2298203434 -0.319660632172 2.16535433071,
            0.213600891286 -0.330718867382 2.16535433071,
            0.196850393701 -0.34095488338 2.16535433071,
            0.179610495021 -0.350343231816 2.16535433071,
            0.161924056351 -0.358860571776 2.16535433071,
            0.143835048963 -0.366485727813 2.16535433071,
            0.125388444981 -0.373199742585 2.16535433071,
            0.106630105568 -0.378985923996 2.16535433071,
            0.0876066669119 -0.383829886686 2.16535433071,
            0.0683654242783 -0.3877195878 2.16535433071,
            0.0489542144281 -0.390645356929 2.16535433071,
            0.0294212966876 -0.39259992015 2.16535433071,
            0.00981523296775 -0.393578418111 2.16535433071,
            -0.00981523296775 -0.393578418111 2.16535433071,
            -0.0294212966876 -0.39259992015 2.16535433071,
            -0.0489542144281 -0.390645356929 2.16535433071,
            -0.0683654242783 -0.3877195878 2.16535433071,
            -0.0876066669119 -0.383829886686 2.16535433071,
            -0.106630105568 -0.378985923996 2.16535433071,
            -0.125388444981 -0.373199742585 2.16535433071,
            -0.143835048963 -0.366485727813 2.16535433071,
            -0.161924056351 -0.358860571776 2.16535433071,
            -0.179610495021 -0.350343231816 2.16535433071,
            -0.196850393701 -0.34095488338 2.16535433071,
            -0.213600891286 -0.330718867382 2.16535433071,
            -0.2298203434 -0.319660632172 2.16535433071,
            -0.245468425929 -0.307807670263 2.16535433071,
            -0.260506235274 -0.295189449987 2.16535433071,
            -0.274896385073 -0.281837342228 2.16535433071,
            -0.288603099146 -0.267784542429 2.16535433071,
            -0.301592300441 -0.253065988066 2.16535433071,
            -0.313831695757 -0.237718271782 2.16535433071,
            -0.32529085603 -0.221779550419 2.16535433071,
            -0.335941291981 -0.205289450149 2.16535433071,
            -0.345756524949 -0.188288967961 2.16535433071,
            -0.354712152717 -0.170820369731 2.16535433071,
            -0.362785910185 -0.152927085148 2.16535433071,
            -0.369957724719 -0.134653599735 2.16535433071,
            -0.376209766058 -0.116045344256 2.16535433071,
            -0.381526490641 -0.0971485817678 2.16535433071,
            -0.385894680255 -0.0780102925982 2.16535433071,
            -0.389303474892 -0.0586780575497 2.16535433071,
            -0.39174439975 -0.0391999396047 2.16535433071,
            -0.393211386307 -0.0196243644333 2.16535433071,
            -0.393700787402 1.42506582972e-15 2.16535433071,
            -0.393211386307 0.0196243644333 2.16535433071,
            -0.39174439975 0.0391999396047 2.16535433071,
            -0.389303474892 0.0586780575497 2.16535433071,
            -0.385894680255 0.0780102925982 2.16535433071,
            -0.381526490641 0.0971485817678 2.16535433071,
            -0.376209766058 0.116045344256 2.16535433071,
            -0.369957724719 0.134653599735 2.16535433071,
            -0.362785910185 0.152927085148 2.16535433071,
            -0.354712152717 0.170820369731 2.16535433071,
            -0.345756524949 0.188288967961 2.16535433071,
            -0.335941291981 0.205289450149 2.16535433071,
            -0.32529085603 0.221779550419 2.16535433071,
            -0.313831695757 0.237718271782 2.16535433071,
            -0.301592300441 0.253065988066 2.16535433071,
            -0.288603099146 0.267784542429 2.16535433071,
            -0.274896385073 0.281837342228 2.16535433071,
            -0.260506235274 0.295189449987 2.16535433071,
            -0.245468425929 0.307807670263 2.16535433071,
            -0.2298203434 0.319660632172 2.16535433071,
            -0.213600891286 0.330718867382 2.16535433071,
            -0.196850393701 0.34095488338 2.16535433071,
            -0.179610495021 0.350343231816 2.16535433071,
            -0.161924056351 0.358860571776 2.16535433071,
            -0.143835048963 0.366485727813 2.16535433071,
            -0.125388444981 0.373199742585 2.16535433071,
            -0.106630105568 0.378985923996 2.16535433071,
            -0.0876066669119 0.383829886686 2.16535433071,
            -0.0683654242783 0.3877195878 2.16535433071,
            -0.0489542144281 0.390645356929 2.16535433071,
            -0.0294212966876 0.39259992015 2.16535433071,
            -0.00981523296774 0.393578418111 2.16535433071,
            0.00981523296775 0.393578418111 2.16535433071,
            0.0294212966876 0.39259992015 2.16535433071,
            0.0489542144281 0.390645356929 2.16535433071,
            0.0683654242783 0.3877195878 2.16535433071,
            0.0876066669119 0.383829886686 2.16535433071,
            0.106630105568 0.378985923996 2.16535433071,
            0.125388444981 0.373199742585 2.16535433071,
            0.143835048963 0.366485727813 2.16535433071,
            0.161924056351 0.358860571776 2.16535433071,
            0.179610495021 0.350343231816 2.16535433071,
            0.196850393701 0.34095488338 2.16535433071,
            0.213600891286 0.330718867382 2.16535433071,
            0.2298203434 0.319660632172 2.16535433071,
            0.245468425929 0.307807670263 2.16535433071,
            0.260506235274 0.295189449987 2.16535433071,
            0.274896385073 0.281837342228 2.16535433071,
            0.288603099146 0.267784542429 2.16535433071,
            0.301592300441 0.253065988066 2.16535433071,
            0.313831695757 0.237718271782 2.16535433071,
            0.32529085603 0.221779550419 2.16535433071,
            0.335941291981 0.205289450149 2.16535433071,
            0.345756524949 0.188288967961 2.16535433071,
            0.354712152717 0.170820369731 2.16535433071,
            0.362785910185 0.152927085148 2.16535433071,
            0.369957724719 0.134653599735 2.16535433071,
            0.376209766058 0.116045344256 2.16535433071,
            0.381526490641 0.0971485817678 2.16535433071,
            0.385894680255 0.0780102925982 2.16535433071,
            0.389303474892 0.0586780575497 2.16535433071,
            0.39174439975 0.0391999396046 2.16535433071,
            0.393211386307 0.0196243644333 2.16535433071,
            0.295275590551 1.0632265455 2.16535433071,
            0.29490853973 1.07794481883 2.16535433071,
            0.293808299813 1.0926265002 2.16535433071,
            0.291977606169 1.10723508866 2.16535433071,
            0.289421010191 1.12173426495 2.16535433071,
            0.286144867981 1.13608798183 2.16535433071,
            0.282157324543 1.15026055369 2.16535433071,
            0.277468293539 1.1642167453 2.16535433071,
            0.272089432639 1.17792185936 2.16535433071,
            0.266034114538 1.1913418228 2.16535433071,
            0.259317393712 1.20444327147 2.16535433071,
            0.251955968986 1.21719363311 2.16535433071,
            0.243968142022 1.22956120831 2.16535433071,
            0.235373771818 1.24151524934 2.16535433071,
            0.22619422533 1.25302603655 2.16535433071,
            0.216452324359 1.26406495232 2.16535433071,
            0.206172288805 1.27460455217 2.16535433071,
            0.195379676456 1.28461863299 2.16535433071,
            0.184101319446 1.2940822982 2.16535433071,
            0.17236525755 1.30297201963 2.16535433071,
            0.160200668464 1.31126569604 2.16535433071,
            0.147637795276 1.31894270804 2.16535433071,
            0.134707871266 1.32598396936 2.16535433071,
            0.121443042263 1.33237197433 2.16535433071,
            0.107876286722 1.33809084136 2.16535433071,
            0.0940413337357 1.34312635244 2.16535433071,
            0.0799725791761 1.3474659885 2.16535433071,
            0.065705000184 1.35109896052 2.16535433071,
            0.0512740682087 1.35401623635 2.16535433071,
            0.0367156608211 1.3562105632 2.16535433071,
            0.0220659725157 1.35767648561 2.16535433071,
            0.00736142472581 1.35841035908 2.16535433071,
            -0.00736142472581 1.35841035908 2.16535433071,
            -0.0220659725157 1.35767648561 2.16535433071,
            -0.0367156608211 1.3562105632 2.16535433071,
            -0.0512740682087 1.35401623635 2.16535433071,
            -0.065705000184 1.35109896052 2.16535433071,
            -0.0799725791761 1.3474659885 2.16535433071,
            -0.0940413337357 1.34312635244 2.16535433071,
            -0.107876286722 1.33809084136 2.16535433071,
            -0.121443042263 1.33237197433 2.16535433071,
            -0.134707871266 1.32598396936 2.16535433071,
            -0.147637795276 1.31894270804 2.16535433071,
            -0.160200668464 1.31126569604 2.16535433071,
            -0.17236525755 1.30297201963 2.16535433071,
            -0.184101319446 1.2940822982 2.16535433071,
            -0.195379676456 1.28461863299 2.16535433071,
            -0.206172288805 1.27460455217 2.16535433071,
            -0.216452324359 1.26406495232 2.16535433071,
            -0.22619422533 1.25302603655 2.16535433071,
            -0.235373771818 1.24151524934 2.16535433071,
            -0.243968142022 1.22956120831 2.16535433071,
            -0.251955968986 1.21719363311 2.16535433071,
            -0.259317393712 1.20444327147 2.16535433071,
            -0.266034114538 1.1913418228 2.16535433071,
            -0.272089432639 1.17792185936 2.16535433071,
            -0.277468293539 1.1642167453 2.16535433071,
            -0.282157324543 1.15026055369 2.16535433071,
            -0.286144867981 1.13608798183 2.16535433071,
            -0.289421010191 1.12173426495 2.16535433071,
            -0.291977606169 1.10723508866 2.16535433071,
            -0.293808299813 1.0926265002 2.16535433071,
            -0.29490853973 1.07794481883 2.16535433071,
            -0.295275590551 1.0632265455 2.16535433071,
            -0.29490853973 1.04850827218 2.16535433071,
            -0.293808299813 1.0338265908 2.16535433071,
            -0.291977606169 1.01921800234 2.16535433071,
            -0.289421010191 1.00471882605 2.16535433071,
            -0.286144867981 0.990365109175 2.16535433071,
            -0.282157324543 0.976192537309 2.16535433071,
            -0.277468293539 0.9622363457 2.16535433071,
            -0.272089432639 0.94853123164 2.16535433071,
            -0.266034114538 0.935111268202 2.16535433071,
            -0.259317393712 0.92200981953 2.16535433071,
            -0.251955968986 0.909259457889 2.16535433071,
            -0.243968142022 0.896891882687 2.16535433071,
            -0.235373771818 0.884937841665 2.16535433071,
            -0.22619422533 0.873427054452 2.16535433071,
            -0.216452324359 0.862388138679 2.16535433071,
            -0.206172288805 0.85184853883 2.16535433071,
            -0.195379676456 0.84183445801 2.16535433071,
            -0.184101319446 0.832370792804 2.16535433071,
            -0.17236525755 0.823481071372 2.16535433071,
            -0.160200668464 0.815187394964 2.16535433071,
            -0.147637795276 0.807510382966 2.16535433071,
            -0.134707871266 0.800469121639 2.16535433071,
            -0.121443042263 0.794081116669 2.16535433071,
            -0.107876286722 0.788362249641 2.16535433071,
            -0.0940413337357 0.783326738562 2.16535433071,
            -0.0799725791761 0.778987102504 2.16535433071,
            -0.0657050001839 0.775354130486 2.16535433071,
            -0.0512740682087 0.772436854651 2.16535433071,
            -0.0367156608211 0.770242527804 2.16535433071,
            -0.0220659725157 0.768776605388 2.16535433071,
            -0.00736142472581 0.768042731918 2.16535433071,
            0.00736142472581 0.768042731918 2.16535433071,
            0.0220659725157 0.768776605388 2.16535433071,
            0.0367156608211 0.770242527804 2.16535433071,
            0.0512740682087 0.772436854651 2.16535433071,
            0.065705000184 0.775354130486 2.16535433071,
            0.0799725791761 0.778987102504 2.16535433071,
            0.0940413337357 0.783326738562 2.16535433071,
            0.107876286722 0.788362249641 2.16535433071,
            0.121443042263 0.794081116669 2.16535433071,
            0.134707871266 0.800469121639 2.16535433071,
            0.147637795276 0.807510382966 2.16535433071,
            0.160200668464 0.815187394964 2.16535433071,
            0.17236525755 0.823481071372 2.16535433071,
            0.184101319446 0.832370792804 2.16535433071,
            0.195379676456 0.84183445801 2.16535433071,
            0.206172288805 0.85184853883 2.16535433071,
            0.216452324359 0.862388138679 2.16535433071,
            0.22619422533 0.873427054452 2.16535433071,
            0.235373771818 0.884937841665 2.16535433071,
            0.243968142022 0.896891882687 2.16535433071,
            0.251955968986 0.909259457889 2.16535433071,
            0.259317393712 0.92200981953 2.16535433071,
            0.266034114538 0.935111268202 2.16535433071,
            0.272089432639 0.94853123164 2.16535433071,
            0.277468293539 0.9622363457 2.16535433071,
            0.282157324543 0.976192537309 2.16535433071,
            0.286144867981 0.990365109175 2.16535433071,
            0.289421010192 1.00471882605 2.16535433071,
            0.291977606169 1.01921800234 2.16535433071,
            0.293808299813 1.0338265908 2.16535433071,
            0.29490853973 1.04850827218 2.16535433071
            ]
        }
        normal Normal {
            vector [
0 0 1,
            0 0 1,
            0 0 1,
            0 0 1,
            0 0 1,
            0 0 1,
            0 0 1,
            0 0 1,
            0 0 1,
            0 0 1,
            0 0 1,
            0 0 1,
            0 0 1,
            0 0 1,
            0 0 1,
            0 0 1,
            0 0 1,
            0 0 1,
            0 0 1,
            0 0 1,
            0 0 1,
            0 0 1,
            0 0 1,
            0 0 1,
            0 0 1,
            0 0 1,
            0 0 1,
            0 0 1,
            0 0 1,
            0 0 1,
            0 0 1,
            0 0 1,
            0 0 1,
            0 0 1,
            0 0 1,
            0 0 1,
            0 0 1,
            0 0 1,
            0 0 1,
            0 0 1,
            0 0 1,
            0 0 1,
            0 0 1,
            0 0 1,
            0 0 1,
            0 0 1,
            0 0 1,
            0 0 1,
            0 0 1,
            0 0 1,
            0 0 1,
            0 0 1,
            0 0 1,
            0 0 1,
            0 0 1,
            0 0 1,
            0 0 1,
            0 0 1,
            0 0 1,
            0 0 1,
            0 0 1,
            0 0 1,
            0 0 1,
            0 0 1,
            0 0 1,
            0 0 1,
            0 0 1,
            0 0 1,
            0 0 1,
            0 0 1,
            0 0 1,
            0 0 1,
            0 0 1,
            0 0 1,
            0 0 1,
            0 0 1,
            0 0 1,
            0 0 1,
            0 0 1,
            0 0 1,
            0 0 1,
            0 0 1,
            0 0 1,
            0 0 1,
            0 0 1,
            0 0 1,
            0 0 1,
            0 0 1,
            0 0 1,
            0 0 1,
            0 0 1,
            0 0 1,
            0 0 1,
            0 0 1,
            0 0 1,
            0 0 1,
            0 0 1,
            0 0 1,
            0 0 1,
            0 0 1,
            0 0 1,
            0 0 1,
            0 0 1,
            0 0 1,
            0 0 1,
            0 0 1,
            0 0 1,
            0 0 1,
            0 0 1,
            0 0 1,
            0 0 1,
            0 0 1,
            0 0 1,
            0 0 1,
            0 0 1,
            0 0 1,
            0 0 1,
            0 0 1,
            0 0 1,
            0 0 1,
            0 0 1,
            0 0 1,
            0 0 1,
            0 0 1,
            0 0 1,
            0 0 1,
            0 0 1,
            0 0 1,
            0 0 1,
            0 0 1,
            0 0 1,
            0 0 1,
            0 0 1,
            0 0 1,
            0 0 1,
            0 0 1,
            0 0 1,
            0 0 1,
            0 0 1,
            0 0 1,
            0 0 1,
            0 0 1,
            0 0 1,
            0 0 1,
            0 0 1,
            0 0 1,
            0 0 1,
            0 0 1,
            0 0 1,
            0 0 1,
            0 0 1,
            0 0 1,
            0 0 1,
            0 0 1,
            0 0 1,
            0 0 1,
            0 0 1,
            0 0 1,
            0 0 1,
            0 0 1,
            0 0 1,
            0 0 1,
            0 0 1,
            0 0 1,
            0 0 1,
            0 0 1,
            0 0 1,
            0 0 1,
            0 0 1,
            0 0 1,
            0 0 1,
            0 0 1,
            0 0 1,
            0 0 1,
            0 0 1,
            0 0 1,
            0 0 1,
            0 0 1,
            0 0 1,
            0 0 1,
            0 0 1,
            0 0 1,
            0 0 1,
            0 0 1,
            0 0 1,
            0 0 1,
            0 0 1,
            0 0 1,
            0 0 1,
            0 0 1,
            0 0 1,
            0 0 1,
            0 0 1,
            0 0 1,
            0 0 1,
            0 0 1,
            0 0 1,
            0 0 1,
            0 0 1,
            0 0 1,
            0 0 1,
            0 0 1,
            0 0 1,
            0 0 1,
            0 0 1,
            0 0 1,
            0 0 1,
            0 0 1,
            0 0 1,
            0 0 1,
            0 0 1,
            0 0 1,
            0 0 1,
            0 0 1,
            0 0 1,
            0 0 1,
            0 0 1,
            0 0 1,
            0 0 1,
            0 0 1,
            0 0 1,
            0 0 1,
            0 0 1,
            0 0 1,
            0 0 1,
            0 0 1,
            0 0 1,
            0 0 1,
            0 0 1,
            0 0 1,
            0 0 1,
            0 0 1,
            0 0 1,
            0 0 1,
            0 0 1,
            0 0 1,
            0 0 1,
            0 0 1,
            0 0 1,
            0 0 1,
            0 0 1,
            0 0 1,
            0 0 1,
            0 0 1,
            0 0 1,
            0 0 1,
            0 0 1,
            0 0 1,
            0 0 1,
            0 0 1,
            0 0 1,
            0 0 1,
            0 0 1,
            0 0 1,
            0 0 1,
            0 0 1,
            0 0 1,
            0 0 1,
            0 0 1,
            0 0 1,
            0 0 1,
            0 0 1,
            0 0 1,
            0 0 1,
            0 0 1,
            0 0 1,
            0 0 1,
            0 0 1,
            0 0 1,
            0 0 1,
            0 0 1,
            0 0 1,
            0 0 1,
            0 0 1,
            0 0 1,
            0 0 1,
            0 0 1,
            0 0 1,
            0 0 1,
            0 0 1,
            0 0 1,
            0 0 1,
            0 0 1,
            0 0 1,
            0 0 1,
            0 0 1,
            0 0 1,
            0 0 1,
            0 0 1,
            0 0 1,
            0 0 1,
            0 0 1,
            0 0 1,
            0 0 1,
            0 0 1,
            0 0 1,
            0 0 1,
            0 0 1,
            0 0 1,
            0 0 1,
            0 0 1,
            0 0 1,
            0 0 1,
            0 0 1,
            0 0 1,
            0 0 1,
            0 0 1,
            0 0 1,
            0 0 1,
            0 0 1,
            0 0 1,
            0 0 1,
            0 0 1,
            0 0 1,
            0 0 1,
            0 0 1,
            0 0 1,
            0 0 1,
            0 0 1,
            0 0 1,
            0 0 1,
            0 0 1,
            0 0 1,
            0 0 1,
            0 0 1,
            0 0 1,
            0 0 1,
            0 0 1,
            0 0 1,
            0 0 1,
            0 0 1,
            0 0 1,
            0 0 1,
            0 0 1,
            0 0 1,
            0 0 1,
            0 0 1,
            0 0 1,
            0 0 1,
            0 0 1,
            0 0 1,
            0 0 1,
            0 0 1,
            0 0 1,
            0 0 1,
            0 0 1,
            0 0 1,
            0 0 1,
            0 0 1,
            0 0 1,
            0 0 1,
            0 0 1,
            0 0 1,
            0 0 1,
            0 0 1,
            0 0 1,
            0 0 1,
            0 0 1,
            0 0 1,
            0 0 1,
            0 0 1,
            0 0 1,
            0 0 1,
            0 0 1,
            0 0 1,
            0 0 1,
            0 0 1,
            0 0 1,
            0 0 1,
            0 0 1,
            0 0 1,
            0 0 1,
            0 0 1,
            0 0 1,
            0 0 1,
            0 0 1,
            0 0 1,
            0 0 1
            ]
        }
        coordIndex [
174,15,16, -1,
          174,16,173, -1,
          172,16,17, -1,
          172,173,16, -1,
          175,14,15, -1,
          175,15,174, -1,
          171,17,18, -1,
          171,172,17, -1,
          176,13,14, -1,
          176,14,175, -1,
          170,18,19, -1,
          170,171,18, -1,
          177,12,13, -1,
          177,13,176, -1,
          169,19,20, -1,
          169,170,19, -1,
          178,11,12, -1,
          178,12,177, -1,
          168,20,21, -1,
          168,169,20, -1,
          179,10,11, -1,
          179,11,178, -1,
          167,21,22, -1,
          167,168,21, -1,
          180,10,179, -1,
          180,9,10, -1,
          166,167,22, -1,
          166,22,23, -1,
          181,8,9, -1,
          181,9,180, -1,
          165,166,23, -1,
          165,23,24, -1,
          182,7,8, -1,
          182,8,181, -1,
          164,24,25, -1,
          164,165,24, -1,
          183,6,7, -1,
          183,7,182, -1,
          163,164,25, -1,
          163,25,26, -1,
          184,5,6, -1,
          184,6,183, -1,
          162,26,27, -1,
          162,163,26, -1,
          185,4,5, -1,
          185,5,184, -1,
          161,27,28, -1,
          161,162,27, -1,
          186,3,4, -1,
          186,4,185, -1,
          160,28,29, -1,
          160,161,28, -1,
          187,1,2, -1,
          187,2,3, -1,
          187,3,186, -1,
          159,29,30, -1,
          159,160,29, -1,
          188,0,1, -1,
          188,1,187, -1,
          158,30,31, -1,
          158,159,30, -1,
          189,0,188, -1,
          189,125,0, -1,
          157,31,32, -1,
          157,158,31, -1,
          190,124,125, -1,
          190,125,189, -1,
          156,32,33, -1,
          156,157,32, -1,
          191,123,124, -1,
          191,124,190, -1,
          155,156,33, -1,
          155,33,34, -1,
          192,123,191, -1,
          154,34,35, -1,
          154,155,34, -1,
          193,123,192, -1,
          193,121,122, -1,
          193,122,123, -1,
          153,35,36, -1,
          153,154,35, -1,
          194,121,193, -1,
          152,36,37, -1,
          152,153,36, -1,
          195,120,121, -1,
          195,121,194, -1,
          151,37,38, -1,
          151,152,37, -1,
          196,118,119, -1,
          196,119,120, -1,
          196,120,195, -1,
          150,38,39, -1,
          150,151,38, -1,
          197,118,196, -1,
          149,39,40, -1,
          149,150,39, -1,
          198,117,118, -1,
          198,118,197, -1,
          148,40,41, -1,
          148,149,40, -1,
          199,115,116, -1,
          199,116,117, -1,
          199,117,198, -1,
          147,41,42, -1,
          147,148,41, -1,
          200,115,199, -1,
          146,42,43, -1,
          146,147,42, -1,
          201,115,200, -1,
          201,114,115, -1,
          145,146,43, -1,
          145,43,44, -1,
          144,145,44, -1,
          144,44,45, -1,
          144,45,46, -1,
          143,144,46, -1,
          142,143,46, -1,
          142,46,47, -1,
          48,142,47, -1,
          48,141,142, -1,
          49,140,141, -1,
          49,141,48, -1,
          50,140,49, -1,
          50,139,140, -1,
          51,137,138, -1,
          51,138,139, -1,
          51,139,50, -1,
          52,137,51, -1,
          331,207,208, -1,
          330,206,207, -1,
          330,207,331, -1,
          332,208,209, -1,
          332,331,208, -1,
          329,205,206, -1,
          329,206,330, -1,
          333,209,210, -1,
          333,332,209, -1,
          328,204,205, -1,
          328,205,329, -1,
          334,333,210, -1,
          327,203,204, -1,
          327,204,328, -1,
          335,210,211, -1,
          335,334,210, -1,
          326,203,327, -1,
          336,211,212, -1,
          336,335,211, -1,
          325,202,203, -1,
          325,203,326, -1,
          337,212,213, -1,
          337,336,212, -1,
          324,201,202, -1,
          324,113,114, -1,
          324,114,201, -1,
          324,202,325, -1,
          338,213,214, -1,
          338,337,213, -1,
          323,113,324, -1,
          323,112,113, -1,
          339,214,215, -1,
          339,338,214, -1,
          322,111,112, -1,
          322,112,323, -1,
          340,339,215, -1,
          340,215,216, -1,
          321,111,322, -1,
          341,340,216, -1,
          320,110,111, -1,
          320,111,321, -1,
          53,135,136, -1,
          53,136,137, -1,
          53,137,52, -1,
          342,216,217, -1,
          342,341,216, -1,
          319,109,110, -1,
          319,110,320, -1,
          343,217,218, -1,
          343,342,217, -1,
          318,108,109, -1,
          318,109,319, -1,
          344,218,219, -1,
          344,343,218, -1,
          317,108,318, -1,
          345,219,220, -1,
          345,344,219, -1,
          316,107,108, -1,
          316,108,317, -1,
          346,345,220, -1,
          315,107,316, -1,
          347,346,220, -1,
          347,220,221, -1,
          314,106,107, -1,
          314,107,315, -1,
          348,221,222, -1,
          348,347,221, -1,
          313,106,314, -1,
          349,222,223, -1,
          349,348,222, -1,
          312,105,106, -1,
          312,106,313, -1,
          350,349,223, -1,
          350,223,224, -1,
          54,134,135, -1,
          54,135,53, -1,
          311,105,312, -1,
          351,350,224, -1,
          351,224,225, -1,
          310,104,105, -1,
          310,105,311, -1,
          352,351,225, -1,
          309,104,310, -1,
          353,225,226, -1,
          353,352,225, -1,
          308,103,104, -1,
          308,104,309, -1,
          354,226,227, -1,
          354,353,226, -1,
          307,103,308, -1,
          355,227,228, -1,
          355,354,227, -1,
          306,103,307, -1,
          356,228,229, -1,
          356,355,228, -1,
          55,134,54, -1,
          357,229,230, -1,
          357,356,229, -1,
          358,230,231, -1,
          358,357,230, -1,
          359,358,231, -1,
          102,305,304, -1,
          102,306,305, -1,
          102,103,306, -1,
          360,231,232, -1,
          360,359,231, -1,
          361,232,233, -1,
          361,360,232, -1,
          362,361,233, -1,
          362,233,234, -1,
          56,133,134, -1,
          56,134,55, -1,
          363,362,234, -1,
          363,234,235, -1,
          364,235,236, -1,
          364,363,235, -1,
          101,303,302, -1,
          101,304,303, -1,
          101,102,304, -1,
          101,302,301, -1,
          365,364,236, -1,
          365,236,237, -1,
          366,365,237, -1,
          366,237,238, -1,
          367,366,238, -1,
          57,132,133, -1,
          57,133,56, -1,
          368,367,238, -1,
          368,238,239, -1,
          369,368,239, -1,
          369,239,240, -1,
          100,101,301, -1,
          100,299,298, -1,
          100,300,299, -1,
          100,301,300, -1,
          58,132,57, -1,
          58,131,132, -1,
          99,100,298, -1,
          99,297,296, -1,
          99,298,297, -1,
          59,130,131, -1,
          59,131,58, -1,
          98,99,296, -1,
          98,294,293, -1,
          98,295,294, -1,
          98,296,295, -1,
          60,128,129, -1,
          60,129,130, -1,
          60,130,59, -1,
          97,291,290, -1,
          97,292,291, -1,
          97,293,292, -1,
          97,98,293, -1,
          61,128,60, -1,
          96,97,290, -1,
          96,288,287, -1,
          96,289,288, -1,
          96,290,289, -1,
          62,127,128, -1,
          62,128,61, -1,
          95,96,287, -1,
          95,285,284, -1,
          95,286,285, -1,
          95,287,286, -1,
          63,126,127, -1,
          63,251,126, -1,
          63,127,62, -1,
          94,95,284, -1,
          94,281,280, -1,
          94,282,281, -1,
          94,283,282, -1,
          94,284,283, -1,
          64,250,251, -1,
          64,251,63, -1,
          93,94,280, -1,
          93,278,277, -1,
          93,279,278, -1,
          93,280,279, -1,
          65,249,250, -1,
          65,250,64, -1,
          92,93,277, -1,
          92,275,274, -1,
          92,276,275, -1,
          92,277,276, -1,
          66,249,65, -1,
          91,92,274, -1,
          91,272,271, -1,
          91,273,272, -1,
          91,274,273, -1,
          67,249,66, -1,
          67,247,248, -1,
          67,248,249, -1,
          90,91,271, -1,
          90,270,269, -1,
          90,271,270, -1,
          68,247,67, -1,
          68,246,247, -1,
          89,90,269, -1,
          89,267,266, -1,
          89,268,267, -1,
          89,269,268, -1,
          69,246,68, -1,
          88,89,266, -1,
          88,264,263, -1,
          88,265,264, -1,
          88,266,265, -1,
          70,245,246, -1,
          70,246,69, -1,
          87,262,261, -1,
          87,263,262, -1,
          87,88,263, -1,
          71,244,245, -1,
          71,245,70, -1,
          86,87,261, -1,
          86,260,259, -1,
          86,261,260, -1,
          72,242,243, -1,
          72,243,244, -1,
          72,244,71, -1,
          85,258,257, -1,
          85,259,258, -1,
          85,86,259, -1,
          73,241,242, -1,
          73,242,72, -1,
          84,256,255, -1,
          84,257,256, -1,
          84,85,257, -1,
          74,241,73, -1,
          83,254,253, -1,
          83,255,254, -1,
          83,84,255, -1,
          75,241,74, -1,
          75,240,241, -1,
          75,369,240, -1,
          82,83,253, -1,
          82,253,252, -1,
          82,252,377, -1,
          76,369,75, -1,
          76,370,369, -1,
          81,82,377, -1,
          81,376,375, -1,
          81,377,376, -1,
          77,370,76, -1,
          77,371,370, -1,
          80,81,375, -1,
          80,375,374, -1,
          78,372,371, -1,
          78,373,372, -1,
          78,371,77, -1,
          79,373,78, -1,
          79,80,374, -1,
          79,374,373, -1
        ]
    }
}

Shape{
    appearance Appearance {
        material Material {
            diffuseColor 0.647059 0.647059 0.647059
            specularColor 0.3 0.3 0.3
            ambientIntensity 0.2235
            transparency 0.0
            shininess 0.5
        }
    }
    geometry IndexedFaceSet {
        ccw TRUE
        solid FALSE
        coord Coordinate {
            point [
0.295275590551 1.0632265455 2.16141732283,
            0.29490853973 1.07794481883 2.16141732283,
            0.293808299813 1.0926265002 2.16141732283,
            0.291977606169 1.10723508866 2.16141732283,
            0.289421010191 1.12173426495 2.16141732283,
            0.286144867981 1.13608798183 2.16141732283,
            0.282157324543 1.15026055369 2.16141732283,
            0.277468293539 1.1642167453 2.16141732283,
            0.272089432639 1.17792185936 2.16141732283,
            0.266034114538 1.1913418228 2.16141732283,
            0.259317393712 1.20444327147 2.16141732283,
            0.251955968986 1.21719363311 2.16141732283,
            0.243968142022 1.22956120831 2.16141732283,
            0.235373771818 1.24151524934 2.16141732283,
            0.22619422533 1.25302603655 2.16141732283,
            0.216452324359 1.26406495232 2.16141732283,
            0.206172288805 1.27460455217 2.16141732283,
            0.195379676456 1.28461863299 2.16141732283,
            0.184101319446 1.2940822982 2.16141732283,
            0.17236525755 1.30297201963 2.16141732283,
            0.160200668464 1.31126569604 2.16141732283,
            0.147637795276 1.31894270804 2.16141732283,
            0.134707871266 1.32598396936 2.16141732283,
            0.121443042263 1.33237197433 2.16141732283,
            0.107876286722 1.33809084136 2.16141732283,
            0.0940413337357 1.34312635244 2.16141732283,
            0.0799725791761 1.3474659885 2.16141732283,
            0.065705000184 1.35109896052 2.16141732283,
            0.0512740682087 1.35401623635 2.16141732283,
            0.0367156608211 1.3562105632 2.16141732283,
            0.0220659725157 1.35767648561 2.16141732283,
            0.00736142472581 1.35841035908 2.16141732283,
            -0.00736142472581 1.35841035908 2.16141732283,
            -0.0220659725157 1.35767648561 2.16141732283,
            -0.0367156608211 1.3562105632 2.16141732283,
            -0.0512740682087 1.35401623635 2.16141732283,
            -0.065705000184 1.35109896052 2.16141732283,
            -0.0799725791761 1.3474659885 2.16141732283,
            -0.0940413337357 1.34312635244 2.16141732283,
            -0.107876286722 1.33809084136 2.16141732283,
            -0.121443042263 1.33237197433 2.16141732283,
            -0.134707871266 1.32598396936 2.16141732283,
            -0.147637795276 1.31894270804 2.16141732283,
            -0.160200668464 1.31126569604 2.16141732283,
            -0.17236525755 1.30297201963 2.16141732283,
            -0.184101319446 1.2940822982 2.16141732283,
            -0.195379676456 1.28461863299 2.16141732283,
            -0.206172288805 1.27460455217 2.16141732283,
            -0.216452324359 1.26406495232 2.16141732283,
            -0.22619422533 1.25302603655 2.16141732283,
            -0.235373771818 1.24151524934 2.16141732283,
            -0.243968142022 1.22956120831 2.16141732283,
            -0.251955968986 1.21719363311 2.16141732283,
            -0.259317393712 1.20444327147 2.16141732283,
            -0.266034114538 1.1913418228 2.16141732283,
            -0.272089432639 1.17792185936 2.16141732283,
            -0.277468293539 1.1642167453 2.16141732283,
            -0.282157324543 1.15026055369 2.16141732283,
            -0.286144867981 1.13608798183 2.16141732283,
            -0.289421010191 1.12173426495 2.16141732283,
            -0.291977606169 1.10723508866 2.16141732283,
            -0.293808299813 1.0926265002 2.16141732283,
            -0.29490853973 1.07794481883 2.16141732283,
            -0.295275590551 1.0632265455 2.16141732283,
            -0.29490853973 1.04850827218 2.16141732283,
            -0.293808299813 1.0338265908 2.16141732283,
            -0.291977606169 1.01921800234 2.16141732283,
            -0.289421010191 1.00471882605 2.16141732283,
            -0.286144867981 0.990365109175 2.16141732283,
            -0.282157324543 0.976192537309 2.16141732283,
            -0.277468293539 0.9622363457 2.16141732283,
            -0.272089432639 0.94853123164 2.16141732283,
            -0.266034114538 0.935111268202 2.16141732283,
            -0.259317393712 0.92200981953 2.16141732283,
            -0.251955968986 0.909259457889 2.16141732283,
            -0.243968142022 0.896891882687 2.16141732283,
            -0.235373771818 0.884937841665 2.16141732283,
            -0.22619422533 0.873427054452 2.16141732283,
            -0.216452324359 0.862388138679 2.16141732283,
            -0.206172288805 0.85184853883 2.16141732283,
            -0.195379676456 0.84183445801 2.16141732283,
            -0.184101319446 0.832370792804 2.16141732283,
            -0.17236525755 0.823481071372 2.16141732283,
            -0.160200668464 0.815187394964 2.16141732283,
            -0.147637795276 0.807510382966 2.16141732283,
            -0.134707871266 0.800469121639 2.16141732283,
            -0.121443042263 0.794081116669 2.16141732283,
            -0.107876286722 0.788362249641 2.16141732283,
            -0.0940413337357 0.783326738562 2.16141732283,
            -0.0799725791761 0.778987102504 2.16141732283,
            -0.0657050001839 0.775354130486 2.16141732283,
            -0.0512740682087 0.772436854651 2.16141732283,
            -0.0367156608211 0.770242527804 2.16141732283,
            -0.0220659725157 0.768776605388 2.16141732283,
            -0.00736142472581 0.768042731918 2.16141732283,
            0.00736142472581 0.768042731918 2.16141732283,
            0.0220659725157 0.768776605388 2.16141732283,
            0.0367156608211 0.770242527804 2.16141732283,
            0.0512740682087 0.772436854651 2.16141732283,
            0.065705000184 0.775354130486 2.16141732283,
            0.0799725791761 0.778987102504 2.16141732283,
            0.0940413337357 0.783326738562 2.16141732283,
            0.107876286722 0.788362249641 2.16141732283,
            0.121443042263 0.794081116669 2.16141732283,
            0.134707871266 0.800469121639 2.16141732283,
            0.147637795276 0.807510382966 2.16141732283,
            0.160200668464 0.815187394964 2.16141732283,
            0.17236525755 0.823481071372 2.16141732283,
            0.184101319446 0.832370792804 2.16141732283,
            0.195379676456 0.84183445801 2.16141732283,
            0.206172288805 0.85184853883 2.16141732283,
            0.216452324359 0.862388138679 2.16141732283,
            0.22619422533 0.873427054452 2.16141732283,
            0.235373771818 0.884937841665 2.16141732283,
            0.243968142022 0.896891882687 2.16141732283,
            0.251955968986 0.909259457889 2.16141732283,
            0.259317393712 0.92200981953 2.16141732283,
            0.266034114538 0.935111268202 2.16141732283,
            0.272089432639 0.94853123164 2.16141732283,
            0.277468293539 0.9622363457 2.16141732283,
            0.282157324543 0.976192537309 2.16141732283,
            0.286144867981 0.990365109175 2.16141732283,
            0.289421010191 1.00471882605 2.16141732283,
            0.291977606169 1.01921800234 2.16141732283,
            0.293808299813 1.0338265908 2.16141732283,
            0.29490853973 1.04850827218 2.16141732283,
            -0.0550053475039 0.843004131757 2.16141732283,
            0.0550053475039 0.843004131757 2.16141732283,
            -0.0550053475039 1.008221198 2.16141732283,
            -0.220222413743 1.008221198 2.16141732283,
            -0.220222413743 1.118231893 2.16141732283,
            -0.0550053475039 1.118231893 2.16141732283,
            -0.0550053475039 1.28344895924 2.16141732283,
            0.0550053475039 1.28344895924 2.16141732283,
            0.0550053475039 1.118231893 2.16141732283,
            0.220222413743 1.118231893 2.16141732283,
            0.220222413743 1.008221198 2.16141732283,
            0.0550053475039 1.008221198 2.16141732283
            ]
        }
        normal Normal {
            vector [
0 0 1,
            0 0 1,
            0 0 1,
            0 0 1,
            0 0 1,
            0 0 1,
            0 0 1,
            0 0 1,
            0 0 1,
            0 0 1,
            0 0 1,
            0 0 1,
            0 0 1,
            0 0 1,
            0 0 1,
            0 0 1,
            0 0 1,
            0 0 1,
            0 0 1,
            0 0 1,
            0 0 1,
            0 0 1,
            0 0 1,
            0 0 1,
            0 0 1,
            0 0 1,
            0 0 1,
            0 0 1,
            0 0 1,
            0 0 1,
            0 0 1,
            0 0 1,
            0 0 1,
            0 0 1,
            0 0 1,
            0 0 1,
            0 0 1,
            0 0 1,
            0 0 1,
            0 0 1,
            0 0 1,
            0 0 1,
            0 0 1,
            0 0 1,
            0 0 1,
            0 0 1,
            0 0 1,
            0 0 1,
            0 0 1,
            0 0 1,
            0 0 1,
            0 0 1,
            0 0 1,
            0 0 1,
            0 0 1,
            0 0 1,
            0 0 1,
            0 0 1,
            0 0 1,
            0 0 1,
            0 0 1,
            0 0 1,
            0 0 1,
            0 0 1,
            0 0 1,
            0 0 1,
            0 0 1,
            0 0 1,
            0 0 1,
            0 0 1,
            0 0 1,
            0 0 1,
            0 0 1,
            0 0 1,
            0 0 1,
            0 0 1,
            0 0 1,
            0 0 1,
            0 0 1,
            0 0 1,
            0 0 1,
            0 0 1,
            0 0 1,
            0 0 1,
            0 0 1,
            0 0 1,
            0 0 1,
            0 0 1,
            0 0 1,
            0 0 1,
            0 0 1,
            0 0 1,
            0 0 1,
            0 0 1,
            0 0 1,
            0 0 1,
            0 0 1,
            0 0 1,
            0 0 1,
            0 0 1,
            0 0 1,
            0 0 1,
            0 0 1,
            0 0 1,
            0 0 1,
            0 0 1,
            0 0 1,
            0 0 1,
            0 0 1,
            0 0 1,
            0 0 1,
            0 0 1,
            0 0 1,
            0 0 1,
            0 0 1,
            0 0 1,
            0 0 1,
            0 0 1,
            0 0 1,
            0 0 1,
            0 0 1,
            0 0 1,
            0 0 1,
            0 0 1,
            0 0 1,
            0 0 1,
            0 0 1,
            0 0 1,
            0 0 1,
            0 0 1,
            0 0 1,
            0 0 1,
            0 0 1,
            0 0 1,
            0 0 1,
            0 0 1,
            0 0 1,
            0 0 1
            ]
        }
        coordIndex [
129,63,64, -1,
          129,64,65, -1,
          129,65,66, -1,
          129,66,67, -1,
          129,67,68, -1,
          129,68,69, -1,
          129,69,70, -1,
          129,70,71, -1,
          129,71,72, -1,
          129,72,73, -1,
          129,73,74, -1,
          129,74,75, -1,
          129,75,76, -1,
          129,76,77, -1,
          129,77,78, -1,
          126,80,81, -1,
          126,81,82, -1,
          126,82,83, -1,
          126,83,84, -1,
          126,84,85, -1,
          126,85,86, -1,
          126,86,87, -1,
          126,87,88, -1,
          126,88,89, -1,
          126,89,90, -1,
          126,90,91, -1,
          126,91,92, -1,
          126,92,93, -1,
          126,93,94, -1,
          130,63,129, -1,
          130,56,57, -1,
          130,57,58, -1,
          130,58,59, -1,
          130,59,60, -1,
          130,60,61, -1,
          130,61,62, -1,
          130,62,63, -1,
          127,100,101, -1,
          127,101,102, -1,
          127,126,94, -1,
          127,94,95, -1,
          127,95,96, -1,
          127,96,97, -1,
          127,97,98, -1,
          127,98,99, -1,
          127,99,100, -1,
          55,56,130, -1,
          103,127,102, -1,
          54,55,130, -1,
          104,127,103, -1,
          53,54,130, -1,
          128,129,78, -1,
          128,80,126, -1,
          128,78,79, -1,
          128,79,80, -1,
          105,127,104, -1,
          52,53,130, -1,
          106,127,105, -1,
          51,52,130, -1,
          107,127,106, -1,
          50,51,130, -1,
          108,127,107, -1,
          49,50,130, -1,
          109,127,108, -1,
          48,49,130, -1,
          137,109,110, -1,
          137,127,109, -1,
          131,48,130, -1,
          47,48,131, -1,
          111,137,110, -1,
          46,47,131, -1,
          136,111,112, -1,
          136,112,113, -1,
          136,113,114, -1,
          136,114,115, -1,
          136,115,116, -1,
          136,116,117, -1,
          136,117,118, -1,
          136,137,111, -1,
          132,40,41, -1,
          132,41,42, -1,
          132,42,43, -1,
          132,43,44, -1,
          132,44,45, -1,
          132,45,46, -1,
          132,46,131, -1,
          39,40,132, -1,
          119,136,118, -1,
          38,39,132, -1,
          120,136,119, -1,
          37,38,132, -1,
          121,136,120, -1,
          36,37,132, -1,
          122,136,121, -1,
          35,36,132, -1,
          123,136,122, -1,
          34,35,132, -1,
          124,136,123, -1,
          33,34,132, -1,
          125,136,124, -1,
          32,33,132, -1,
          0,135,136, -1,
          0,136,125, -1,
          31,132,133, -1,
          31,32,132, -1,
          1,135,0, -1,
          30,31,133, -1,
          2,135,1, -1,
          29,30,133, -1,
          3,135,2, -1,
          28,29,133, -1,
          4,135,3, -1,
          27,28,133, -1,
          5,135,4, -1,
          26,27,133, -1,
          6,135,5, -1,
          25,26,133, -1,
          7,135,6, -1,
          24,25,133, -1,
          8,135,7, -1,
          23,24,133, -1,
          9,135,8, -1,
          22,23,133, -1,
          10,135,9, -1,
          21,22,133, -1,
          11,135,10, -1,
          20,21,133, -1,
          12,135,11, -1,
          19,20,133, -1,
          13,135,12, -1,
          18,19,133, -1,
          14,135,13, -1,
          17,133,134, -1,
          17,18,133, -1,
          15,135,14, -1,
          15,134,135, -1,
          16,134,15, -1,
          16,17,134, -1
        ]
    }
}

Shape{
    appearance Appearance {
        material Material {
            diffuseColor 0.223529 0.223529 0.223529
            specularColor 0.113725 0.113725 0.113725
            ambientIntensity 0.2235
            transparency 0.0
            shininess 0.5
        }
    }
    geometry IndexedFaceSet {
        ccw TRUE
        solid FALSE
        coord Coordinate {
            point [
-1.77165354331 0 2.16535433071,
            -1.76945123838 -0.0883096399501 2.16535433071,
            -1.76284979888 -0.176399728221 2.16535433071,
            -1.75186563701 -0.264051258974 2.16535433071,
            -1.73652606115 -0.351046316692 2.16535433071,
            -1.71686920789 -0.437168617955 2.16535433071,
            -1.69294394726 -0.522204049153 2.16535433071,
            -1.66480976123 -0.605941198805 2.16535433071,
            -1.63253659583 -0.688171883164 2.16535433071,
            -1.59620468723 -0.768691663791 2.16535433071,
            -1.55590436227 -0.847300355825 2.16535433071,
            -1.51173581392 -0.923802525672 2.16535433071,
            -1.46380885213 -0.998007976884 2.16535433071,
            -1.41224263091 -1.06973222302 2.16535433071,
            -1.35716535198 -1.1387969463 2.16535433071,
            -1.29871394616 -1.20503044093 2.16535433071,
            -1.23703373283 -1.26826804003 2.16535433071,
            -1.17227805873 -1.32835252494 2.16535433071,
            -1.10460791668 -1.38513451618 2.16535433071,
            -1.0341915453 -1.43847284477 2.16535433071,
            -0.961204010786 -1.48823490322 2.16535433071,
            -0.885826771654 -1.53429697521 2.16535433071,
            -0.808247227594 -1.57654454317 2.16535433071,
            -0.728658253578 -1.61487257299 2.16535433071,
            -0.647257720334 -1.64918577516 2.16535433071,
            -0.564248002414 -1.67939884163 2.16535433071,
            -0.479835475057 -1.70543665798 2.16535433071,
            -0.394230001104 -1.72723449009 2.16535433071,
            -0.307644409252 -1.7447381451 2.16535433071,
            -0.220293964927 -1.75790410618 2.16535433071,
            -0.132395835094 -1.76669964068 2.16535433071,
            -0.0441685483549 -1.7711028815 2.16535433071,
            0.0441685483549 -1.7711028815 2.16535433071,
            0.132395835094 -1.76669964068 2.16535433071,
            0.220293964927 -1.75790410618 2.16535433071,
            0.307644409252 -1.7447381451 2.16535433071,
            0.394230001104 -1.72723449009 2.16535433071,
            0.479835475057 -1.70543665798 2.16535433071,
            0.564248002414 -1.67939884163 2.16535433071,
            0.647257720334 -1.64918577516 2.16535433071,
            0.728658253578 -1.61487257299 2.16535433071,
            0.808247227594 -1.57654454317 2.16535433071,
            0.885826771654 -1.53429697521 2.16535433071,
            0.961204010786 -1.48823490322 2.16535433071,
            1.0341915453 -1.43847284477 2.16535433071,
            1.10460791668 -1.38513451618 2.16535433071,
            1.17227805873 -1.32835252494 2.16535433071,
            1.23703373283 -1.26826804003 2.16535433071,
            1.29871394616 -1.20503044093 2.16535433071,
            1.35716535198 -1.1387969463 2.16535433071,
            1.41224263091 -1.06973222302 2.16535433071,
            1.46380885213 -0.998007976884 2.16535433071,
            1.51173581392 -0.923802525672 2.16535433071,
            1.55590436227 -0.847300355825 2.16535433071,
            1.59620468723 -0.768691663791 2.16535433071,
            1.63253659583 -0.688171883164 2.16535433071,
            1.66480976123 -0.605941198805 2.16535433071,
            1.69294394726 -0.522204049153 2.16535433071,
            1.71686920789 -0.437168617955 2.16535433071,
            1.73652606115 -0.351046316692 2.16535433071,
            1.75186563701 -0.264051258974 2.16535433071,
            1.76284979888 -0.176399728221 2.16535433071,
            1.76945123838 -0.08830963995 2.16535433071,
            1.77165354331 5.68540953761e-15 2.16535433071,
            1.76945123838 0.0883096399501 2.16535433071,
            1.76284979888 0.176399728221 2.16535433071,
            1.75186563701 0.264051258974 2.16535433071,
            1.73652606115 0.351046316692 2.16535433071,
            1.71686920789 0.437168617955 2.16535433071,
            1.69294394726 0.522204049153 2.16535433071,
            1.66480976123 0.605941198805 2.16535433071,
            1.63253659583 0.688171883164 2.16535433071,
            1.59620468723 0.768691663791 2.16535433071,
            1.55590436227 0.847300355825 2.16535433071,
            1.51173581392 0.923802525672 2.16535433071,
            1.46380885213 0.998007976884 2.16535433071,
            1.41224263091 1.06973222302 2.16535433071,
            1.35716535198 1.1387969463 2.16535433071,
            1.29871394616 1.20503044093 2.16535433071,
            1.23703373283 1.26826804003 2.16535433071,
            1.17227805873 1.32835252494 2.16535433071,
            1.10460791668 1.38513451618 2.16535433071,
            1.0341915453 1.43847284477 2.16535433071,
            0.961204010786 1.48823490322 2.16535433071,
            0.885826771654 1.53429697521 2.16535433071,
            0.808247227594 1.57654454317 2.16535433071,
            0.728658253578 1.61487257299 2.16535433071,
            0.647257720334 1.64918577516 2.16535433071,
            0.564248002414 1.67939884163 2.16535433071,
            0.479835475056 1.70543665798 2.16535433071,
            0.394230001104 1.72723449009 2.16535433071,
            0.307644409252 1.7447381451 2.16535433071,
            0.220293964927 1.75790410618 2.16535433071,
            0.132395835094 1.76669964068 2.16535433071,
            0.0441685483548 1.7711028815 2.16535433071,
            -0.0441685483549 1.7711028815 2.16535433071,
            -0.132395835094 1.76669964068 2.16535433071,
            -0.220293964927 1.75790410618 2.16535433071,
            -0.307644409252 1.7447381451 2.16535433071,
            -0.394230001104 1.72723449009 2.16535433071,
            -0.479835475057 1.70543665798 2.16535433071,
            -0.564248002414 1.67939884163 2.16535433071,
            -0.647257720334 1.64918577516 2.16535433071,
            -0.728658253578 1.61487257299 2.16535433071,
            -0.808247227594 1.57654454317 2.16535433071,
            -0.885826771654 1.53429697521 2.16535433071,
            -0.961204010786 1.48823490322 2.16535433071,
            -1.0341915453 1.43847284477 2.16535433071,
            -1.10460791668 1.38513451618 2.16535433071,
            -1.17227805873 1.32835252494 2.16535433071,
            -1.23703373283 1.26826804003 2.16535433071,
            -1.29871394616 1.20503044093 2.16535433071,
            -1.35716535198 1.1387969463 2.16535433071,
            -1.41224263091 1.06973222302 2.16535433071,
            -1.46380885213 0.998007976884 2.16535433071,
            -1.51173581392 0.923802525672 2.16535433071,
            -1.55590436227 0.847300355825 2.16535433071,
            -1.59620468723 0.768691663791 2.16535433071,
            -1.63253659583 0.688171883164 2.16535433071,
            -1.66480976123 0.605941198805 2.16535433071,
            -1.69294394726 0.522204049153 2.16535433071,
            -1.71686920789 0.437168617955 2.16535433071,
            -1.73652606115 0.351046316692 2.16535433071,
            -1.75186563701 0.264051258974 2.16535433071,
            -1.76284979888 0.176399728221 2.16535433071,
            -1.76945123838 0.08830963995 2.16535433071,
            -1.77165354331 0 2.16535433071,
            -1.77165354331 -7.58240135585e-32 0.196850393701,
            -1.68494264698 -0.547471053026 0.196850393701,
            -1.70780821777 -0.471325120098 0.196850393701,
            -1.72723449009 -0.394230001104 0.196850393701,
            -1.74318234201 -0.316340955352 0.196850393701,
            -1.75561965668 -0.237814841016 0.196850393701,
            -1.764521387 -0.158809799238 0.196850393701,
            -1.76986960608 -0.0794849356604 0.196850393701,
            -1.68494264698 -0.547471053026 0,
            -1.65764678003 -0.625270685517 0,
            -1.62676081928 -0.701716120935 0,
            -1.59235165683 -0.776641795492 0,
            -1.55449381527 -0.849885436861 0,
            -1.51326928626 -0.921288415623 0,
            -1.46876735295 -0.990696088826 0,
            -1.42108439661 -1.05795813491 0,
            -1.37032368791 -1.12292887925 0,
            -1.31659516325 -1.18546760969 0,
            -1.31659516325 -1.18546760969 0.196850393701,
            1.31659516325 -1.18546760969 0.196850393701,
            1.25660074182 -1.24888384294 0.196850393701,
            1.19355527418 -1.30926776673 0.196850393701,
            1.12761183569 -1.36647276794 0.196850393701,
            1.05893053807 -1.42035995193 0.196850393701,
            0.987678140568 -1.47079847979 0.196850393701,
            0.914027645122 -1.51766588598 0.196850393701,
            0.838157876284 -1.5608483757 0.196850393701,
            0.760253047038 -1.6002411012 0.196850393701,
            0.680502311525 -1.63574841633 0.196850393701,
            0.599099305776 -1.66728410876 0.196850393701,
            0.51624167756 -1.69477160935 0.196850393701,
            0.432130606491 -1.71814417801 0.196850393701,
            0.346970315564 -1.73734506579 0.196850393701,
            0.260967575294 -1.75232765263 0.196850393701,
            0.174331201677 -1.76305556056 0.196850393701,
            0.0872715491802 -1.76950274208 0.196850393701,
            -1.14879908309e-15 -1.77165354331 0.196850393701,
            -0.0872715491802 -1.76950274208 0.196850393701,
            -0.174331201677 -1.76305556056 0.196850393701,
            -0.260967575294 -1.75232765263 0.196850393701,
            -0.346970315564 -1.73734506579 0.196850393701,
            -0.432130606491 -1.71814417801 0.196850393701,
            -0.51624167756 -1.69477160935 0.196850393701,
            -0.599099305776 -1.66728410876 0.196850393701,
            -0.680502311525 -1.63574841633 0.196850393701,
            -0.760253047038 -1.6002411012 0.196850393701,
            -0.838157876284 -1.5608483757 0.196850393701,
            -0.914027645122 -1.51766588598 0.196850393701,
            -0.987678140568 -1.47079847979 0.196850393701,
            -1.05893053807 -1.42035995193 0.196850393701,
            -1.12761183569 -1.36647276794 0.196850393701,
            -1.19355527418 -1.30926776673 0.196850393701,
            -1.25660074182 -1.24888384294 0.196850393701,
            1.31659516325 -1.18546760969 0,
            1.37032368791 -1.12292887925 0,
            1.42108439661 -1.05795813491 0,
            1.46876735295 -0.990696088826 0,
            1.51326928626 -0.921288415623 0,
            1.55449381527 -0.849885436861 0,
            1.59235165683 -0.776641795492 0,
            1.62676081928 -0.701716120935 0,
            1.65764678003 -0.625270685517 0,
            1.68494264698 -0.547471053026 0,
            1.68494264698 -0.547471053026 0.196850393701,
            1.77165354331 2.16964984101e-16 0.196850393701,
            1.76986960608 -0.0794849356603 0.196850393701,
            1.764521387 -0.158809799238 0.196850393701,
            1.75561965668 -0.237814841015 0.196850393701,
            1.74318234201 -0.316340955352 0.196850393701,
            1.72723449009 -0.394230001104 0.196850393701,
            1.70780821777 -0.471325120098 0.196850393701,
            0.368347483732 1.73293866272 0.196850393701,
            0.452134292003 1.7129888673 0.196850393701,
            0.534852513556 1.68899054653 0.196850393701,
            0.616306649856 1.66100041868 0.196850393701,
            0.696304189938 1.62908463641 0.196850393701,
            0.7746560654 1.59331863036 0.196850393701,
            0.851177097247 1.5537869309 0.196850393701,
            0.925686433552 1.51058296834 0.196850393701,
            0.998007976884 1.46380885213 0.196850393701,
            1.0679708005 1.41357512951 0.196850393701,
            1.13540955234 1.36000052426 0.196850393701,
            1.20016484576 1.30321165607 0.196850393701,
            1.26208363633 1.24334274133 0.196850393701,
            1.32101958345 1.1805352759 0.196850393701,
            1.37683339628 1.11493770068 0.196850393701,
            1.4293931629 1.0467050508 0.196850393701,
            1.4785746621 0.975998589187 0.196850393701,
            1.52426165697 0.902985425462 0.196850393701,
            1.56634616959 0.827838120956 0.196850393701,
            1.60472873627 0.750734280892 0.196850393701,
            1.63931864257 0.671856134621 0.196850393701,
            1.67003413776 0.591390104942 0.196850393701,
            1.69680262799 0.509526367498 0.196850393701,
            1.71956084785 0.426458401315 0.196850393701,
            1.73825500995 0.342382531528 0.196850393701,
            1.75284093198 0.257497465376 0.196850393701,
            1.76328414118 0.172003822578 0.196850393701,
            1.76955995576 0.0861036611785 0.196850393701,
            0.368347483732 1.73293866272 0,
            0.287323092116 1.74819956477 0,
            0.205676422663 1.75967425584 0,
            0.123584303877 1.76733788432 0,
            0.0412245290092 1.77117385248 0,
            -0.0412245290092 1.77117385248 0,
            -0.123584303877 1.76733788432 0,
            -0.205676422663 1.75967425584 0,
            -0.287323092116 1.74819956477 0,
            -0.368347483732 1.73293866272 0,
            -0.368347483732 1.73293866272 0.196850393701,
            -1.77165354331 -7.58240135585e-32 0.196850393701,
            -1.76955995576 0.0861036611785 0.196850393701,
            -1.76328414118 0.172003822578 0.196850393701,
            -1.75284093198 0.257497465376 0.196850393701,
            -1.73825500995 0.342382531528 0.196850393701,
            -1.71956084785 0.426458401315 0.196850393701,
            -1.69680262799 0.509526367498 0.196850393701,
            -1.67003413776 0.591390104942 0.196850393701,
            -1.63931864257 0.671856134621 0.196850393701,
            -1.60472873627 0.750734280892 0.196850393701,
            -1.56634616959 0.827838120956 0.196850393701,
            -1.52426165697 0.902985425462 0.196850393701,
            -1.4785746621 0.975998589187 0.196850393701,
            -1.4293931629 1.0467050508 0.196850393701,
            -1.37683339628 1.11493770068 0.196850393701,
            -1.32101958345 1.1805352759 0.196850393701,
            -1.26208363633 1.24334274133 0.196850393701,
            -1.20016484576 1.30321165607 0.196850393701,
            -1.13540955234 1.36000052426 0.196850393701,
            -1.0679708005 1.41357512951 0.196850393701,
            -0.998007976884 1.46380885213 0.196850393701,
            -0.925686433552 1.51058296834 0.196850393701,
            -0.851177097247 1.5537869309 0.196850393701,
            -0.7746560654 1.59331863036 0.196850393701,
            -0.696304189938 1.62908463641 0.196850393701,
            -0.616306649856 1.66100041868 0.196850393701,
            -0.534852513556 1.68899054653 0.196850393701,
            -0.452134292003 1.7129888673 0.196850393701
            ]
        }
        normal Normal {
            vector [
-1 0 0,
            -0.998756921219 -0.0498458856603 0,
            -0.995030775365 -0.0995678465954 0,
            -0.988830826225 -0.149042266176 0,
            -0.980172487849 -0.198146143199 0,
            -0.969077286229 -0.24675739769 0,
            -0.955572805786 -0.294755174411 0,
            -0.939692620786 -0.342020143325 0,
            -0.921476211871 -0.388434796274 0,
            -0.900968867903 -0.433883739117 0,
            -0.87822157337 -0.478253978621 0,
            -0.853290881632 -0.521435203379 0,
            -0.826238774316 -0.563320058063 0,
            -0.797132507223 -0.603804410325 0,
            -0.766044443119 -0.642787609686 0,
            -0.73305187183 -0.680172737771 0,
            -0.698236818086 -0.715866849259 0,
            -0.661685837597 -0.749781202967 0,
            -0.623489801859 -0.781831482468 0,
            -0.583743672235 -0.811938005716 0,
            -0.542546263866 -0.840025923151 0,
            -0.5 -0.866025403784 0,
            -0.456210657354 -0.889871808811 0,
            -0.411287103131 -0.911505852312 0,
            -0.365341024367 -0.930873748644 0,
            -0.318486650252 -0.947927346167 0,
            -0.270840468143 -0.96262424695 0,
            -0.222520933957 -0.974927912182 0,
            -0.173648177667 -0.984807753012 0,
            -0.124343704648 -0.9922392066 0,
            -0.0747300935868 -0.997203797181 0,
            -0.0249306917385 -0.999689182001 0,
            0.0249306917377 -0.999689182001 0,
            0.074730093586 -0.997203797181 0,
            0.124343704647 -0.9922392066 0,
            0.173648177667 -0.984807753012 0,
            0.222520933956 -0.974927912182 0,
            0.270840468143 -0.96262424695 0,
            0.318486650251 -0.947927346167 0,
            0.365341024366 -0.930873748644 0,
            0.41128710313 -0.911505852312 0,
            0.456210657353 -0.889871808812 0,
            0.5 -0.866025403785 0,
            0.542546263865 -0.840025923151 0,
            0.583743672234 -0.811938005716 0,
            0.623489801858 -0.781831482468 0,
            0.661685837597 -0.749781202968 0,
            0.698236818086 -0.71586684926 0,
            0.73305187183 -0.680172737771 0,
            0.766044443119 -0.642787609687 0,
            0.797132507223 -0.603804410326 0,
            0.826238774316 -0.563320058064 0,
            0.853290881632 -0.52143520338 0,
            0.87822157337 -0.478253978622 0,
            0.900968867902 -0.433883739118 0,
            0.92147621187 -0.388434796275 0,
            0.939692620786 -0.342020143326 0,
            0.955572805786 -0.294755174411 0,
            0.969077286229 -0.246757397691 0,
            0.980172487848 -0.1981461432 0,
            0.988830826225 -0.149042266177 0,
            0.995030775365 -0.0995678465962 0,
            0.998756921219 -0.0498458856611 0,
            1 0 0,
            0.998756921219 0.0498458856603 0,
            0.995030775365 0.0995678465954 0,
            0.988830826225 0.149042266176 0,
            0.980172487849 0.198146143199 0,
            0.969077286229 0.24675739769 0,
            0.955572805786 0.294755174411 0,
            0.939692620786 0.342020143325 0,
            0.921476211871 0.388434796274 0,
            0.900968867903 0.433883739117 0,
            0.87822157337 0.478253978621 0,
            0.853290881632 0.521435203379 0,
            0.826238774316 0.563320058063 0,
            0.797132507223 0.603804410325 0,
            0.766044443119 0.642787609686 0,
            0.73305187183 0.680172737771 0,
            0.698236818086 0.715866849259 0,
            0.661685837597 0.749781202967 0,
            0.623489801859 0.781831482468 0,
            0.583743672235 0.811938005716 0,
            0.542546263866 0.840025923151 0,
            0.5 0.866025403784 0,
            0.456210657354 0.889871808811 0,
            0.411287103131 0.911505852312 0,
            0.365341024367 0.930873748644 0,
            0.318486650252 0.947927346167 0,
            0.270840468143 0.96262424695 0,
            0.222520933957 0.974927912182 0,
            0.173648177667 0.984807753012 0,
            0.124343704648 0.9922392066 0,
            0.0747300935868 0.997203797181 0,
            0.0249306917385 0.999689182001 0,
            -0.0249306917377 0.999689182001 0,
            -0.074730093586 0.997203797181 0,
            -0.124343704647 0.9922392066 0,
            -0.173648177667 0.984807753012 0,
            -0.222520933956 0.974927912182 0,
            -0.270840468143 0.96262424695 0,
            -0.318486650251 0.947927346167 0,
            -0.365341024366 0.930873748644 0,
            -0.41128710313 0.911505852312 0,
            -0.456210657353 0.889871808812 0,
            -0.5 0.866025403785 0,
            -0.542546263865 0.840025923151 0,
            -0.583743672234 0.811938005716 0,
            -0.623489801858 0.781831482468 0,
            -0.661685837597 0.749781202968 0,
            -0.698236818086 0.71586684926 0,
            -0.73305187183 0.680172737771 0,
            -0.766044443119 0.642787609687 0,
            -0.797132507223 0.603804410326 0,
            -0.826238774316 0.563320058064 0,
            -0.853290881632 0.52143520338 0,
            -0.87822157337 0.478253978622 0,
            -0.900968867902 0.433883739118 0,
            -0.92147621187 0.388434796275 0,
            -0.939692620786 0.342020143326 0,
            -0.955572805786 0.294755174411 0,
            -0.969077286229 0.246757397691 0,
            -0.980172487848 0.1981461432 0,
            -0.988830826225 0.149042266177 0,
            -0.995030775365 0.0995678465962 0,
            -0.998756921219 0.0498458856611 0,
            -1 0 0,
            -1 0 0,
            -0.951056516295 -0.309016994375 0,
            -0.963962860696 -0.266036845567 0,
            -0.974927912182 -0.222520933956 0,
            -0.983929588599 -0.178556894799 0,
            -0.990949761768 -0.134233265818 0,
            -0.995974293995 -0.0896393089034 0,
            -0.998993066541 -0.0448648303505 0,
            -0.951056516295 -0.309016994375 0,
            -0.935649515839 -0.352930564714 0,
            -0.91821610688 -0.396079766039 0,
            -0.898794046299 -0.438371146789 0,
            -0.877425397954 -0.479713113251 0,
            -0.85415644158 -0.52001612793 0,
            -0.829037572555 -0.559192903471 0,
            -0.802123192755 -0.597158591703 0,
            -0.773471592734 -0.633830967399 0,
            -0.743144825477 -0.669130606359 0,
            -0.743144825477 -0.669130606359 0,
            0.743144825478 -0.669130606359 0,
            0.709281307606 -0.704925546906 0,
            0.673695643647 -0.739008917221 0,
            0.636474236147 -0.771297962347 0,
            0.597707459266 -0.80171428398 0,
            0.557489439343 -0.830184030816 0,
            0.515917826358 -0.856638077864 0,
            0.473093556836 -0.881012194286 0,
            0.429120608773 -0.903247199346 0,
            0.384105749172 -0.923289106106 0,
            0.338158274816 -0.941089252501 0,
            0.291389746889 -0.9566044195 0,
            0.243913720108 -0.969796936035 0,
            0.195845467007 -0.980634770469 0,
            0.147301698055 -0.989091608371 0,
            0.0984002782796 -0.995146916407 0,
            0.0492599410928 -0.998785992194 0,
            0 -1 0,
            -0.0492599410928 -0.998785992194 0,
            -0.0984002782796 -0.995146916407 0,
            -0.147301698055 -0.989091608371 0,
            -0.195845467007 -0.980634770469 0,
            -0.243913720108 -0.969796936035 0,
            -0.291389746889 -0.9566044195 0,
            -0.338158274816 -0.941089252501 0,
            -0.384105749172 -0.923289106106 0,
            -0.429120608773 -0.903247199346 0,
            -0.473093556836 -0.881012194286 0,
            -0.515917826358 -0.856638077864 0,
            -0.557489439343 -0.830184030816 0,
            -0.597707459266 -0.80171428398 0,
            -0.636474236147 -0.771297962347 0,
            -0.673695643647 -0.739008917221 0,
            -0.709281307606 -0.704925546906 0,
            0.743144825478 -0.669130606359 0,
            0.773471592734 -0.633830967398 0,
            0.802123192755 -0.597158591703 0,
            0.829037572555 -0.55919290347 0,
            0.854156441581 -0.520016127929 0,
            0.877425397955 -0.47971311325 0,
            0.898794046299 -0.438371146789 0,
            0.91821610688 -0.396079766039 0,
            0.93564951584 -0.352930564713 0,
            0.951056516295 -0.309016994375 0,
            0.951056516295 -0.309016994375 0,
            1 0 0,
            0.998993066541 -0.0448648303505 0,
            0.995974293995 -0.0896393089034 0,
            0.990949761768 -0.134233265818 0,
            0.983929588599 -0.178556894799 0,
            0.974927912182 -0.222520933956 0,
            0.963962860696 -0.266036845567 0,
            0.207911690818 0.978147600734 0,
            0.255204689264 0.966887049545 0,
            0.301894529874 0.953341330706 0,
            0.347870864585 0.937542458544 0,
            0.393025031654 0.919527772551 0,
            0.43725031247 0.899339849136 0,
            0.480442183779 0.877026400997 0,
            0.522498564716 0.852640164354 0,
            0.563320058064 0.826238774316 0,
            0.602810185174 0.797884628659 0,
            0.640875613985 0.767644740358 0,
            0.677426379608 0.735590579202 0,
            0.712376096951 0.701797902884 0,
            0.745642164883 0.666346577952 0,
            0.777145961457 0.62932039105 0,
            0.806813029727 0.590806850894 0,
            0.834573253721 0.550896981452 0,
            0.860361024158 0.509685106816 0,
            0.884115393505 0.467268628273 0,
            0.905780220027 0.423747794103 0,
            0.925304300474 0.379225462653 0,
            0.942641491092 0.333806859234 0,
            0.957750816685 0.287599327432 0,
            0.970596567453 0.240712075409 0,
            0.981148383394 0.193255917796 0,
            0.989381326053 0.14534301379 0,
            0.995275937465 0.0970866020773 0,
            0.998818286142 0.0486007331985 0,
            0.207911690818 0.978147600734 0,
            0.162177923106 0.986761532113 0,
            0.116092914125 0.993238357742 0,
            0.0697564737443 0.99756405026 0,
            0.0232689563743 0.999729241179 0,
            -0.0232689563739 0.999729241179 0,
            -0.0697564737439 0.99756405026 0,
            -0.116092914125 0.993238357742 0,
            -0.162177923105 0.986761532113 0,
            -0.207911690817 0.978147600734 0,
            -0.207911690818 0.978147600734 0,
            -1 0 0,
            -0.998818286142 0.0486007331986 0,
            -0.995275937465 0.0970866020773 0,
            -0.989381326053 0.14534301379 0,
            -0.981148383394 0.193255917796 0,
            -0.970596567453 0.240712075409 0,
            -0.957750816685 0.287599327432 0,
            -0.942641491092 0.333806859234 0,
            -0.925304300474 0.379225462653 0,
            -0.905780220027 0.423747794103 0,
            -0.884115393505 0.467268628273 0,
            -0.860361024158 0.509685106816 0,
            -0.834573253721 0.550896981452 0,
            -0.806813029727 0.590806850894 0,
            -0.777145961457 0.62932039105 0,
            -0.745642164883 0.666346577952 0,
            -0.712376096951 0.701797902884 0,
            -0.677426379608 0.735590579202 0,
            -0.640875613985 0.767644740358 0,
            -0.602810185174 0.797884628659 0,
            -0.563320058064 0.826238774316 0,
            -0.522498564716 0.852640164354 0,
            -0.480442183779 0.877026400997 0,
            -0.43725031247 0.899339849136 0,
            -0.393025031654 0.919527772551 0,
            -0.347870864585 0.937542458544 0,
            -0.301894529874 0.953341330706 0,
            -0.255204689264 0.966887049545 0
            ]
        }
        coordIndex [
238,126,125, -1,
          238,237,126, -1,
          239,125,124, -1,
          239,238,125, -1,
          240,124,123, -1,
          240,239,124, -1,
          241,123,122, -1,
          241,240,123, -1,
          242,122,121, -1,
          242,241,122, -1,
          243,121,120, -1,
          243,242,121, -1,
          244,120,119, -1,
          244,243,120, -1,
          245,119,118, -1,
          245,244,119, -1,
          246,118,117, -1,
          246,245,118, -1,
          247,246,117, -1,
          247,117,116, -1,
          248,247,116, -1,
          248,116,115, -1,
          249,115,114, -1,
          249,248,115, -1,
          250,249,114, -1,
          250,114,113, -1,
          251,113,112, -1,
          251,250,113, -1,
          252,112,111, -1,
          252,251,112, -1,
          253,111,110, -1,
          253,252,111, -1,
          254,110,109, -1,
          254,253,110, -1,
          255,109,108, -1,
          255,254,109, -1,
          256,108,107, -1,
          256,255,108, -1,
          257,107,106, -1,
          257,256,107, -1,
          258,106,105, -1,
          258,257,106, -1,
          259,105,104, -1,
          259,258,105, -1,
          260,104,103, -1,
          260,259,104, -1,
          261,103,102, -1,
          261,260,103, -1,
          262,102,101, -1,
          262,261,102, -1,
          263,101,100, -1,
          263,262,101, -1,
          264,263,100, -1,
          264,100,99, -1,
          236,264,99, -1,
          236,99,98, -1,
          234,235,236, -1,
          234,236,98, -1,
          234,98,97, -1,
          233,234,97, -1,
          233,97,96, -1,
          232,233,96, -1,
          232,96,95, -1,
          231,232,95, -1,
          230,231,95, -1,
          230,95,94, -1,
          229,230,94, -1,
          229,94,93, -1,
          228,229,93, -1,
          228,93,92, -1,
          227,228,92, -1,
          227,92,91, -1,
          198,227,91, -1,
          198,91,90, -1,
          226,227,198, -1,
          199,198,90, -1,
          199,90,89, -1,
          200,199,89, -1,
          200,89,88, -1,
          201,200,88, -1,
          201,88,87, -1,
          202,201,87, -1,
          202,87,86, -1,
          203,202,86, -1,
          203,86,85, -1,
          204,203,85, -1,
          204,85,84, -1,
          205,204,84, -1,
          205,84,83, -1,
          206,205,83, -1,
          206,83,82, -1,
          207,206,82, -1,
          207,82,81, -1,
          208,207,81, -1,
          208,81,80, -1,
          209,208,80, -1,
          209,80,79, -1,
          210,209,79, -1,
          210,79,78, -1,
          211,210,78, -1,
          211,78,77, -1,
          212,211,77, -1,
          212,77,76, -1,
          213,76,75, -1,
          213,212,76, -1,
          214,213,75, -1,
          214,75,74, -1,
          215,74,73, -1,
          215,214,74, -1,
          216,73,72, -1,
          216,215,73, -1,
          217,72,71, -1,
          217,216,72, -1,
          218,71,70, -1,
          218,217,71, -1,
          219,70,69, -1,
          219,218,70, -1,
          220,219,69, -1,
          220,69,68, -1,
          221,68,67, -1,
          221,220,68, -1,
          222,221,67, -1,
          222,67,66, -1,
          223,222,66, -1,
          223,66,65, -1,
          224,223,65, -1,
          224,65,64, -1,
          225,224,64, -1,
          225,64,63, -1,
          191,225,63, -1,
          192,191,63, -1,
          192,63,62, -1,
          193,192,62, -1,
          193,62,61, -1,
          194,193,61, -1,
          194,61,60, -1,
          195,194,60, -1,
          195,60,59, -1,
          196,195,59, -1,
          196,59,58, -1,
          197,196,58, -1,
          197,58,57, -1,
          190,197,57, -1,
          190,57,56, -1,
          188,56,55, -1,
          188,190,56, -1,
          188,189,190, -1,
          187,188,55, -1,
          187,55,54, -1,
          186,54,53, -1,
          186,187,54, -1,
          185,186,53, -1,
          184,53,52, -1,
          184,185,53, -1,
          183,52,51, -1,
          183,184,52, -1,
          182,51,50, -1,
          182,183,51, -1,
          181,50,49, -1,
          181,182,50, -1,
          146,49,48, -1,
          146,181,49, -1,
          180,181,146, -1,
          147,48,47, -1,
          147,146,48, -1,
          148,47,46, -1,
          148,147,47, -1,
          149,148,46, -1,
          149,46,45, -1,
          150,149,45, -1,
          150,45,44, -1,
          151,150,44, -1,
          151,44,43, -1,
          152,151,43, -1,
          152,43,42, -1,
          153,152,42, -1,
          153,42,41, -1,
          154,153,41, -1,
          154,41,40, -1,
          155,154,40, -1,
          155,40,39, -1,
          156,155,39, -1,
          156,39,38, -1,
          157,156,38, -1,
          157,38,37, -1,
          158,157,37, -1,
          158,37,36, -1,
          159,36,35, -1,
          159,158,36, -1,
          160,35,34, -1,
          160,159,35, -1,
          161,34,33, -1,
          161,160,34, -1,
          162,33,32, -1,
          162,161,33, -1,
          163,32,31, -1,
          163,162,32, -1,
          164,31,30, -1,
          164,163,31, -1,
          165,30,29, -1,
          165,164,30, -1,
          166,29,28, -1,
          166,165,29, -1,
          167,28,27, -1,
          167,166,28, -1,
          168,27,26, -1,
          168,167,27, -1,
          169,26,25, -1,
          169,168,26, -1,
          170,25,24, -1,
          170,169,25, -1,
          171,24,23, -1,
          171,170,24, -1,
          172,23,22, -1,
          172,171,23, -1,
          173,22,21, -1,
          173,172,22, -1,
          174,173,21, -1,
          174,21,20, -1,
          175,174,20, -1,
          175,20,19, -1,
          176,175,19, -1,
          176,19,18, -1,
          177,176,18, -1,
          177,18,17, -1,
          178,17,16, -1,
          178,177,17, -1,
          179,16,15, -1,
          179,178,16, -1,
          145,15,14, -1,
          145,179,15, -1,
          143,14,13, -1,
          143,145,14, -1,
          143,144,145, -1,
          142,13,12, -1,
          142,143,13, -1,
          141,12,11, -1,
          141,142,12, -1,
          140,141,11, -1,
          139,11,10, -1,
          139,140,11, -1,
          138,10,9, -1,
          138,139,10, -1,
          137,9,8, -1,
          137,138,9, -1,
          136,8,7, -1,
          136,137,8, -1,
          128,7,6, -1,
          128,136,7, -1,
          135,136,128, -1,
          129,6,5, -1,
          129,128,6, -1,
          130,5,4, -1,
          130,129,5, -1,
          131,4,3, -1,
          131,130,4, -1,
          132,3,2, -1,
          132,131,3, -1,
          133,2,1, -1,
          133,132,2, -1,
          134,1,0, -1,
          134,133,1, -1,
          127,134,0, -1
        ]
    }
}

Shape{
    appearance Appearance {
        material Material {
            diffuseColor 0.223529 0.223529 0.223529
            specularColor 0.113725 0.113725 0.113725
            ambientIntensity 0.2235
            transparency 0.0
            shininess 0.5
        }
    }
    geometry IndexedFaceSet {
        ccw TRUE
        solid FALSE
        coord Coordinate {
            point [
0.393700787402 0 1.37795275591,
            0.393700787402 0 2.16535433071,
            -0.393700787402 4.82144409113e-17 1.37795275591,
            -0.393211386307 0.0196243644333 1.37795275591,
            -0.39174439975 0.0391999396047 1.37795275591,
            -0.389303474892 0.0586780575497 1.37795275591,
            -0.385894680255 0.0780102925982 1.37795275591,
            -0.381526490641 0.0971485817678 1.37795275591,
            -0.376209766058 0.116045344256 1.37795275591,
            -0.369957724719 0.134653599735 1.37795275591,
            -0.362785910185 0.152927085148 1.37795275591,
            -0.354712152717 0.170820369731 1.37795275591,
            -0.345756524949 0.188288967961 1.37795275591,
            -0.335941291981 0.205289450149 1.37795275591,
            -0.32529085603 0.221779550419 1.37795275591,
            -0.313831695757 0.237718271782 1.37795275591,
            -0.301592300441 0.253065988066 1.37795275591,
            -0.288603099146 0.267784542429 1.37795275591,
            -0.274896385073 0.281837342228 1.37795275591,
            -0.260506235274 0.295189449987 1.37795275591,
            -0.245468425929 0.307807670263 1.37795275591,
            -0.2298203434 0.319660632172 1.37795275591,
            -0.213600891286 0.330718867382 1.37795275591,
            -0.196850393701 0.34095488338 1.37795275591,
            -0.179610495021 0.350343231816 1.37795275591,
            -0.161924056351 0.358860571776 1.37795275591,
            -0.143835048963 0.366485727813 1.37795275591,
            -0.125388444981 0.373199742585 1.37795275591,
            -0.106630105568 0.378985923996 1.37795275591,
            -0.0876066669119 0.383829886686 1.37795275591,
            -0.0683654242783 0.3877195878 1.37795275591,
            -0.0489542144281 0.390645356929 1.37795275591,
            -0.0294212966876 0.39259992015 1.37795275591,
            -0.00981523296774 0.393578418111 1.37795275591,
            0.00981523296775 0.393578418111 1.37795275591,
            0.0294212966876 0.39259992015 1.37795275591,
            0.0489542144281 0.390645356929 1.37795275591,
            0.0683654242783 0.3877195878 1.37795275591,
            0.0876066669119 0.383829886686 1.37795275591,
            0.106630105568 0.378985923996 1.37795275591,
            0.125388444981 0.373199742585 1.37795275591,
            0.143835048963 0.366485727813 1.37795275591,
            0.161924056351 0.358860571776 1.37795275591,
            0.179610495021 0.350343231816 1.37795275591,
            0.196850393701 0.34095488338 1.37795275591,
            0.213600891286 0.330718867382 1.37795275591,
            0.2298203434 0.319660632172 1.37795275591,
            0.245468425929 0.307807670263 1.37795275591,
            0.260506235274 0.295189449987 1.37795275591,
            0.274896385073 0.281837342228 1.37795275591,
            0.288603099146 0.267784542429 1.37795275591,
            0.301592300441 0.253065988066 1.37795275591,
            0.313831695757 0.237718271782 1.37795275591,
            0.32529085603 0.221779550419 1.37795275591,
            0.335941291981 0.205289450149 1.37795275591,
            0.345756524949 0.188288967961 1.37795275591,
            0.354712152717 0.170820369731 1.37795275591,
            0.362785910185 0.152927085148 1.37795275591,
            0.369957724719 0.134653599735 1.37795275591,
            0.376209766058 0.116045344256 1.37795275591,
            0.381526490641 0.0971485817678 1.37795275591,
            0.385894680255 0.0780102925982 1.37795275591,
            0.389303474892 0.0586780575497 1.37795275591,
            0.39174439975 0.0391999396046 1.37795275591,
            0.393211386307 0.0196243644333 1.37795275591,
            0.393700787402 0 1.37795275591,
            0.393211386307 -0.0196243644333 1.37795275591,
            0.39174439975 -0.0391999396047 1.37795275591,
            0.389303474892 -0.0586780575497 1.37795275591,
            0.385894680255 -0.0780102925982 1.37795275591,
            0.381526490641 -0.0971485817678 1.37795275591,
            0.376209766058 -0.116045344256 1.37795275591,
            0.369957724719 -0.134653599735 1.37795275591,
            0.362785910185 -0.152927085148 1.37795275591,
            0.354712152717 -0.170820369731 1.37795275591,
            0.345756524949 -0.188288967961 1.37795275591,
            0.335941291981 -0.205289450149 1.37795275591,
            0.32529085603 -0.221779550419 1.37795275591,
            0.313831695757 -0.237718271782 1.37795275591,
            0.301592300441 -0.253065988066 1.37795275591,
            0.288603099146 -0.267784542429 1.37795275591,
            0.274896385073 -0.281837342228 1.37795275591,
            0.260506235274 -0.295189449987 1.37795275591,
            0.245468425929 -0.307807670263 1.37795275591,
            0.2298203434 -0.319660632172 1.37795275591,
            0.213600891286 -0.330718867382 1.37795275591,
            0.196850393701 -0.34095488338 1.37795275591,
            0.179610495021 -0.350343231816 1.37795275591,
            0.161924056351 -0.358860571776 1.37795275591,
            0.143835048963 -0.366485727813 1.37795275591,
            0.125388444981 -0.373199742585 1.37795275591,
            0.106630105568 -0.378985923996 1.37795275591,
            0.0876066669119 -0.383829886686 1.37795275591,
            0.0683654242783 -0.3877195878 1.37795275591,
            0.0489542144281 -0.390645356929 1.37795275591,
            0.0294212966876 -0.39259992015 1.37795275591,
            0.00981523296775 -0.393578418111 1.37795275591,
            -0.00981523296774 -0.393578418111 1.37795275591,
            -0.0294212966876 -0.39259992015 1.37795275591,
            -0.0489542144281 -0.390645356929 1.37795275591,
            -0.0683654242783 -0.3877195878 1.37795275591,
            -0.0876066669119 -0.383829886686 1.37795275591,
            -0.106630105568 -0.378985923996 1.37795275591,
            -0.125388444981 -0.373199742585 1.37795275591,
            -0.143835048963 -0.366485727813 1.37795275591,
            -0.161924056351 -0.358860571776 1.37795275591,
            -0.179610495021 -0.350343231816 1.37795275591,
            -0.196850393701 -0.34095488338 1.37795275591,
            -0.213600891286 -0.330718867382 1.37795275591,
            -0.2298203434 -0.319660632172 1.37795275591,
            -0.245468425929 -0.307807670263 1.37795275591,
            -0.260506235274 -0.295189449987 1.37795275591,
            -0.274896385073 -0.281837342228 1.37795275591,
            -0.288603099146 -0.267784542429 1.37795275591,
            -0.301592300441 -0.253065988066 1.37795275591,
            -0.313831695757 -0.237718271782 1.37795275591,
            -0.32529085603 -0.221779550419 1.37795275591,
            -0.335941291981 -0.205289450149 1.37795275591,
            -0.345756524949 -0.188288967961 1.37795275591,
            -0.354712152717 -0.170820369731 1.37795275591,
            -0.362785910185 -0.152927085148 1.37795275591,
            -0.369957724719 -0.134653599735 1.37795275591,
            -0.376209766058 -0.116045344256 1.37795275591,
            -0.381526490641 -0.0971485817678 1.37795275591,
            -0.385894680255 -0.0780102925982 1.37795275591,
            -0.389303474892 -0.0586780575497 1.37795275591,
            -0.39174439975 -0.0391999396047 1.37795275591,
            -0.393211386307 -0.0196243644333 1.37795275591,
            0.393700787402 0 2.16535433071,
            0.393211386307 -0.0196243644333 2.16535433071,
            0.39174439975 -0.0391999396047 2.16535433071,
            0.389303474892 -0.0586780575497 2.16535433071,
            0.385894680255 -0.0780102925982 2.16535433071,
            0.381526490641 -0.0971485817678 2.16535433071,
            0.376209766058 -0.116045344256 2.16535433071,
            0.369957724719 -0.134653599735 2.16535433071,
            0.362785910185 -0.152927085148 2.16535433071,
            0.354712152717 -0.170820369731 2.16535433071,
            0.345756524949 -0.188288967961 2.16535433071,
            0.335941291981 -0.205289450149 2.16535433071,
            0.32529085603 -0.221779550419 2.16535433071,
            0.313831695757 -0.237718271782 2.16535433071,
            0.301592300441 -0.253065988066 2.16535433071,
            0.288603099146 -0.267784542429 2.16535433071,
            0.274896385073 -0.281837342228 2.16535433071,
            0.260506235274 -0.295189449987 2.16535433071,
            0.245468425929 -0.307807670263 2.16535433071,
            0.2298203434 -0.319660632172 2.16535433071,
            0.213600891286 -0.330718867382 2.16535433071,
            0.196850393701 -0.34095488338 2.16535433071,
            0.179610495021 -0.350343231816 2.16535433071,
            0.161924056351 -0.358860571776 2.16535433071,
            0.143835048963 -0.366485727813 2.16535433071,
            0.125388444981 -0.373199742585 2.16535433071,
            0.106630105568 -0.378985923996 2.16535433071,
            0.0876066669119 -0.383829886686 2.16535433071,
            0.0683654242783 -0.3877195878 2.16535433071,
            0.0489542144281 -0.390645356929 2.16535433071,
            0.0294212966876 -0.39259992015 2.16535433071,
            0.00981523296775 -0.393578418111 2.16535433071,
            -0.00981523296775 -0.393578418111 2.16535433071,
            -0.0294212966876 -0.39259992015 2.16535433071,
            -0.0489542144281 -0.390645356929 2.16535433071,
            -0.0683654242783 -0.3877195878 2.16535433071,
            -0.0876066669119 -0.383829886686 2.16535433071,
            -0.106630105568 -0.378985923996 2.16535433071,
            -0.125388444981 -0.373199742585 2.16535433071,
            -0.143835048963 -0.366485727813 2.16535433071,
            -0.161924056351 -0.358860571776 2.16535433071,
            -0.179610495021 -0.350343231816 2.16535433071,
            -0.196850393701 -0.34095488338 2.16535433071,
            -0.213600891286 -0.330718867382 2.16535433071,
            -0.2298203434 -0.319660632172 2.16535433071,
            -0.245468425929 -0.307807670263 2.16535433071,
            -0.260506235274 -0.295189449987 2.16535433071,
            -0.274896385073 -0.281837342228 2.16535433071,
            -0.288603099146 -0.267784542429 2.16535433071,
            -0.301592300441 -0.253065988066 2.16535433071,
            -0.313831695757 -0.237718271782 2.16535433071,
            -0.32529085603 -0.221779550419 2.16535433071,
            -0.335941291981 -0.205289450149 2.16535433071,
            -0.345756524949 -0.188288967961 2.16535433071,
            -0.354712152717 -0.170820369731 2.16535433071,
            -0.362785910185 -0.152927085148 2.16535433071,
            -0.369957724719 -0.134653599735 2.16535433071,
            -0.376209766058 -0.116045344256 2.16535433071,
            -0.381526490641 -0.0971485817678 2.16535433071,
            -0.385894680255 -0.0780102925982 2.16535433071,
            -0.389303474892 -0.0586780575497 2.16535433071,
            -0.39174439975 -0.0391999396047 2.16535433071,
            -0.393211386307 -0.0196243644333 2.16535433071,
            -0.393700787402 1.42506582972e-15 2.16535433071,
            -0.393211386307 0.0196243644333 2.16535433071,
            -0.39174439975 0.0391999396047 2.16535433071,
            -0.389303474892 0.0586780575497 2.16535433071,
            -0.385894680255 0.0780102925982 2.16535433071,
            -0.381526490641 0.0971485817678 2.16535433071,
            -0.376209766058 0.116045344256 2.16535433071,
            -0.369957724719 0.134653599735 2.16535433071,
            -0.362785910185 0.152927085148 2.16535433071,
            -0.354712152717 0.170820369731 2.16535433071,
            -0.345756524949 0.188288967961 2.16535433071,
            -0.335941291981 0.205289450149 2.16535433071,
            -0.32529085603 0.221779550419 2.16535433071,
            -0.313831695757 0.237718271782 2.16535433071,
            -0.301592300441 0.253065988066 2.16535433071,
            -0.288603099146 0.267784542429 2.16535433071,
            -0.274896385073 0.281837342228 2.16535433071,
            -0.260506235274 0.295189449987 2.16535433071,
            -0.245468425929 0.307807670263 2.16535433071,
            -0.2298203434 0.319660632172 2.16535433071,
            -0.213600891286 0.330718867382 2.16535433071,
            -0.196850393701 0.34095488338 2.16535433071,
            -0.179610495021 0.350343231816 2.16535433071,
            -0.161924056351 0.358860571776 2.16535433071,
            -0.143835048963 0.366485727813 2.16535433071,
            -0.125388444981 0.373199742585 2.16535433071,
            -0.106630105568 0.378985923996 2.16535433071,
            -0.0876066669119 0.383829886686 2.16535433071,
            -0.0683654242783 0.3877195878 2.16535433071,
            -0.0489542144281 0.390645356929 2.16535433071,
            -0.0294212966876 0.39259992015 2.16535433071,
            -0.00981523296774 0.393578418111 2.16535433071,
            0.00981523296775 0.393578418111 2.16535433071,
            0.0294212966876 0.39259992015 2.16535433071,
            0.0489542144281 0.390645356929 2.16535433071,
            0.0683654242783 0.3877195878 2.16535433071,
            0.0876066669119 0.383829886686 2.16535433071,
            0.106630105568 0.378985923996 2.16535433071,
            0.125388444981 0.373199742585 2.16535433071,
            0.143835048963 0.366485727813 2.16535433071,
            0.161924056351 0.358860571776 2.16535433071,
            0.179610495021 0.350343231816 2.16535433071,
            0.196850393701 0.34095488338 2.16535433071,
            0.213600891286 0.330718867382 2.16535433071,
            0.2298203434 0.319660632172 2.16535433071,
            0.245468425929 0.307807670263 2.16535433071,
            0.260506235274 0.295189449987 2.16535433071,
            0.274896385073 0.281837342228 2.16535433071,
            0.288603099146 0.267784542429 2.16535433071,
            0.301592300441 0.253065988066 2.16535433071,
            0.313831695757 0.237718271782 2.16535433071,
            0.32529085603 0.221779550419 2.16535433071,
            0.335941291981 0.205289450149 2.16535433071,
            0.345756524949 0.188288967961 2.16535433071,
            0.354712152717 0.170820369731 2.16535433071,
            0.362785910185 0.152927085148 2.16535433071,
            0.369957724719 0.134653599735 2.16535433071,
            0.376209766058 0.116045344256 2.16535433071,
            0.381526490641 0.0971485817678 2.16535433071,
            0.385894680255 0.0780102925982 2.16535433071,
            0.389303474892 0.0586780575497 2.16535433071,
            0.39174439975 0.0391999396046 2.16535433071,
            0.393211386307 0.0196243644333 2.16535433071
            ]
        }
        normal Normal {
            vector [
-1 0 0,
            -1 0 0,
            1 0 0,
            0.998756921219 -0.0498458856603 0,
            0.995030775365 -0.0995678465954 0,
            0.988830826225 -0.149042266176 0,
            0.980172487849 -0.198146143199 0,
            0.969077286229 -0.24675739769 0,
            0.955572805786 -0.294755174411 0,
            0.939692620786 -0.342020143325 0,
            0.921476211871 -0.388434796274 0,
            0.900968867903 -0.433883739117 0,
            0.87822157337 -0.478253978621 0,
            0.853290881632 -0.521435203379 0,
            0.826238774316 -0.563320058063 0,
            0.797132507223 -0.603804410325 0,
            0.766044443119 -0.642787609686 0,
            0.73305187183 -0.680172737771 0,
            0.698236818086 -0.715866849259 0,
            0.661685837597 -0.749781202967 0,
            0.623489801859 -0.781831482468 0,
            0.583743672235 -0.811938005716 0,
            0.542546263866 -0.840025923151 0,
            0.5 -0.866025403784 0,
            0.456210657354 -0.889871808811 0,
            0.411287103131 -0.911505852312 0,
            0.365341024367 -0.930873748644 0,
            0.318486650252 -0.947927346167 0,
            0.270840468143 -0.96262424695 0,
            0.222520933957 -0.974927912182 0,
            0.173648177667 -0.984807753012 0,
            0.124343704648 -0.9922392066 0,
            0.0747300935868 -0.997203797181 0,
            0.0249306917385 -0.999689182001 0,
            -0.0249306917377 -0.999689182001 0,
            -0.074730093586 -0.997203797181 0,
            -0.124343704647 -0.9922392066 0,
            -0.173648177667 -0.984807753012 0,
            -0.222520933956 -0.974927912182 0,
            -0.270840468143 -0.96262424695 0,
            -0.318486650251 -0.947927346167 0,
            -0.365341024366 -0.930873748644 0,
            -0.41128710313 -0.911505852312 0,
            -0.456210657353 -0.889871808812 0,
            -0.5 -0.866025403785 0,
            -0.542546263865 -0.840025923151 0,
            -0.583743672234 -0.811938005716 0,
            -0.623489801858 -0.781831482468 0,
            -0.661685837597 -0.749781202968 0,
            -0.698236818086 -0.71586684926 0,
            -0.73305187183 -0.680172737771 0,
            -0.766044443119 -0.642787609687 0,
            -0.797132507223 -0.603804410326 0,
            -0.826238774316 -0.563320058064 0,
            -0.853290881632 -0.52143520338 0,
            -0.87822157337 -0.478253978622 0,
            -0.900968867902 -0.433883739118 0,
            -0.92147621187 -0.388434796275 0,
            -0.939692620786 -0.342020143326 0,
            -0.955572805786 -0.294755174411 0,
            -0.969077286229 -0.246757397691 0,
            -0.980172487848 -0.1981461432 0,
            -0.988830826225 -0.149042266177 0,
            -0.995030775365 -0.0995678465962 0,
            -0.998756921219 -0.0498458856611 0,
            -1 0 0,
            -0.998756921219 0.0498458856603 0,
            -0.995030775365 0.0995678465954 0,
            -0.988830826225 0.149042266176 0,
            -0.980172487849 0.198146143199 0,
            -0.969077286229 0.24675739769 0,
            -0.955572805786 0.294755174411 0,
            -0.939692620786 0.342020143325 0,
            -0.921476211871 0.388434796274 0,
            -0.900968867903 0.433883739117 0,
            -0.87822157337 0.478253978621 0,
            -0.853290881632 0.521435203379 0,
            -0.826238774316 0.563320058063 0,
            -0.797132507223 0.603804410325 0,
            -0.766044443119 0.642787609686 0,
            -0.73305187183 0.680172737771 0,
            -0.698236818086 0.715866849259 0,
            -0.661685837597 0.749781202967 0,
            -0.623489801859 0.781831482468 0,
            -0.583743672235 0.811938005716 0,
            -0.542546263866 0.840025923151 0,
            -0.5 0.866025403784 0,
            -0.456210657354 0.889871808811 0,
            -0.411287103131 0.911505852312 0,
            -0.365341024367 0.930873748644 0,
            -0.318486650252 0.947927346167 0,
            -0.270840468143 0.96262424695 0,
            -0.222520933957 0.974927912182 0,
            -0.173648177667 0.984807753012 0,
            -0.124343704648 0.9922392066 0,
            -0.0747300935868 0.997203797181 0,
            -0.0249306917385 0.999689182001 0,
            0.0249306917377 0.999689182001 0,
            0.074730093586 0.997203797181 0,
            0.124343704647 0.9922392066 0,
            0.173648177667 0.984807753012 0,
            0.222520933956 0.974927912182 0,
            0.270840468143 0.96262424695 0,
            0.318486650251 0.947927346167 0,
            0.365341024366 0.930873748644 0,
            0.41128710313 0.911505852312 0,
            0.456210657353 0.889871808812 0,
            0.5 0.866025403785 0,
            0.542546263865 0.840025923151 0,
            0.583743672234 0.811938005716 0,
            0.623489801858 0.781831482468 0,
            0.661685837597 0.749781202968 0,
            0.698236818086 0.71586684926 0,
            0.73305187183 0.680172737771 0,
            0.766044443119 0.642787609687 0,
            0.797132507223 0.603804410326 0,
            0.826238774316 0.563320058064 0,
            0.853290881632 0.52143520338 0,
            0.87822157337 0.478253978622 0,
            0.900968867902 0.433883739118 0,
            0.92147621187 0.388434796275 0,
            0.939692620786 0.342020143326 0,
            0.955572805786 0.294755174411 0,
            0.969077286229 0.246757397691 0,
            0.980172487848 0.1981461432 0,
            0.988830826225 0.149042266177 0,
            0.995030775365 0.0995678465962 0,
            0.998756921219 0.0498458856611 0,
            -1 0 0,
            -0.998756921219 0.0498458856603 0,
            -0.995030775365 0.0995678465954 0,
            -0.988830826225 0.149042266176 0,
            -0.980172487849 0.198146143199 0,
            -0.969077286229 0.24675739769 0,
            -0.955572805786 0.294755174411 0,
            -0.939692620786 0.342020143325 0,
            -0.921476211871 0.388434796274 0,
            -0.900968867903 0.433883739117 0,
            -0.87822157337 0.478253978621 0,
            -0.853290881632 0.521435203379 0,
            -0.826238774316 0.563320058063 0,
            -0.797132507223 0.603804410325 0,
            -0.766044443119 0.642787609686 0,
            -0.73305187183 0.680172737771 0,
            -0.698236818086 0.715866849259 0,
            -0.661685837597 0.749781202967 0,
            -0.623489801859 0.781831482468 0,
            -0.583743672235 0.811938005716 0,
            -0.542546263866 0.840025923151 0,
            -0.5 0.866025403784 0,
            -0.456210657354 0.889871808811 0,
            -0.411287103131 0.911505852312 0,
            -0.365341024367 0.930873748644 0,
            -0.318486650252 0.947927346167 0,
            -0.270840468143 0.96262424695 0,
            -0.222520933957 0.974927912182 0,
            -0.173648177667 0.984807753012 0,
            -0.124343704648 0.9922392066 0,
            -0.0747300935868 0.997203797181 0,
            -0.0249306917385 0.999689182001 0,
            0.0249306917377 0.999689182001 0,
            0.074730093586 0.997203797181 0,
            0.124343704647 0.9922392066 0,
            0.173648177667 0.984807753012 0,
            0.222520933956 0.974927912182 0,
            0.270840468143 0.96262424695 0,
            0.318486650251 0.947927346167 0,
            0.365341024366 0.930873748644 0,
            0.41128710313 0.911505852312 0,
            0.456210657353 0.889871808812 0,
            0.5 0.866025403785 0,
            0.542546263865 0.840025923151 0,
            0.583743672234 0.811938005716 0,
            0.623489801858 0.781831482468 0,
            0.661685837597 0.749781202968 0,
            0.698236818086 0.71586684926 0,
            0.73305187183 0.680172737771 0,
            0.766044443119 0.642787609687 0,
            0.797132507223 0.603804410326 0,
            0.826238774316 0.563320058064 0,
            0.853290881632 0.52143520338 0,
            0.87822157337 0.478253978622 0,
            0.900968867902 0.433883739118 0,
            0.92147621187 0.388434796275 0,
            0.939692620786 0.342020143326 0,
            0.955572805786 0.294755174411 0,
            0.969077286229 0.246757397691 0,
            0.980172487848 0.1981461432 0,
            0.988830826225 0.149042266177 0,
            0.995030775365 0.0995678465962 0,
            0.998756921219 0.0498458856611 0,
            1 0 0,
            0.998756921219 -0.0498458856603 0,
            0.995030775365 -0.0995678465954 0,
            0.988830826225 -0.149042266176 0,
            0.980172487849 -0.198146143199 0,
            0.969077286229 -0.24675739769 0,
            0.955572805786 -0.294755174411 0,
            0.939692620786 -0.342020143325 0,
            0.921476211871 -0.388434796274 0,
            0.900968867903 -0.433883739117 0,
            0.87822157337 -0.478253978621 0,
            0.853290881632 -0.521435203379 0,
            0.826238774316 -0.563320058063 0,
            0.797132507223 -0.603804410325 0,
            0.766044443119 -0.642787609686 0,
            0.73305187183 -0.680172737771 0,
            0.698236818086 -0.715866849259 0,
            0.661685837597 -0.749781202967 0,
            0.623489801859 -0.781831482468 0,
            0.583743672235 -0.811938005716 0,
            0.542546263866 -0.840025923151 0,
            0.5 -0.866025403784 0,
            0.456210657354 -0.889871808811 0,
            0.411287103131 -0.911505852312 0,
            0.365341024367 -0.930873748644 0,
            0.318486650252 -0.947927346167 0,
            0.270840468143 -0.96262424695 0,
            0.222520933957 -0.974927912182 0,
            0.173648177667 -0.984807753012 0,
            0.124343704648 -0.9922392066 0,
            0.0747300935868 -0.997203797181 0,
            0.0249306917385 -0.999689182001 0,
            -0.0249306917377 -0.999689182001 0,
            -0.074730093586 -0.997203797181 0,
            -0.124343704647 -0.9922392066 0,
            -0.173648177667 -0.984807753012 0,
            -0.222520933956 -0.974927912182 0,
            -0.270840468143 -0.96262424695 0,
            -0.318486650251 -0.947927346167 0,
            -0.365341024366 -0.930873748644 0,
            -0.41128710313 -0.911505852312 0,
            -0.456210657353 -0.889871808812 0,
            -0.5 -0.866025403785 0,
            -0.542546263865 -0.840025923151 0,
            -0.583743672234 -0.811938005716 0,
            -0.623489801858 -0.781831482468 0,
            -0.661685837597 -0.749781202968 0,
            -0.698236818086 -0.71586684926 0,
            -0.73305187183 -0.680172737771 0,
            -0.766044443119 -0.642787609687 0,
            -0.797132507223 -0.603804410326 0,
            -0.826238774316 -0.563320058064 0,
            -0.853290881632 -0.52143520338 0,
            -0.87822157337 -0.478253978622 0,
            -0.900968867902 -0.433883739118 0,
            -0.92147621187 -0.388434796275 0,
            -0.939692620786 -0.342020143326 0,
            -0.955572805786 -0.294755174411 0,
            -0.969077286229 -0.246757397691 0,
            -0.980172487848 -0.1981461432 0,
            -0.988830826225 -0.149042266177 0,
            -0.995030775365 -0.0995678465962 0,
            -0.998756921219 -0.0498458856611 0
            ]
        }
        coordIndex [
253,0,1, -1,
          253,64,0, -1,
          252,63,64, -1,
          252,64,253, -1,
          251,62,63, -1,
          251,63,252, -1,
          250,61,62, -1,
          250,62,251, -1,
          249,60,61, -1,
          249,61,250, -1,
          248,59,60, -1,
          248,60,249, -1,
          247,58,59, -1,
          247,59,248, -1,
          246,57,58, -1,
          246,58,247, -1,
          245,56,57, -1,
          245,57,246, -1,
          244,55,56, -1,
          244,56,245, -1,
          243,55,244, -1,
          243,54,55, -1,
          242,54,243, -1,
          242,53,54, -1,
          241,53,242, -1,
          241,52,53, -1,
          240,52,241, -1,
          240,51,52, -1,
          239,51,240, -1,
          239,50,51, -1,
          238,50,239, -1,
          238,49,50, -1,
          237,49,238, -1,
          237,48,49, -1,
          236,48,237, -1,
          236,47,48, -1,
          235,47,236, -1,
          235,46,47, -1,
          234,46,235, -1,
          234,45,46, -1,
          233,45,234, -1,
          233,44,45, -1,
          232,43,44, -1,
          232,44,233, -1,
          231,42,43, -1,
          231,43,232, -1,
          230,42,231, -1,
          230,41,42, -1,
          229,40,41, -1,
          229,41,230, -1,
          228,39,40, -1,
          228,40,229, -1,
          227,38,39, -1,
          227,39,228, -1,
          226,37,38, -1,
          226,38,227, -1,
          225,36,37, -1,
          225,37,226, -1,
          224,35,36, -1,
          224,36,225, -1,
          223,34,35, -1,
          223,35,224, -1,
          222,33,34, -1,
          222,34,223, -1,
          221,31,32, -1,
          221,32,33, -1,
          221,33,222, -1,
          220,31,221, -1,
          219,30,31, -1,
          219,31,220, -1,
          218,30,219, -1,
          218,29,30, -1,
          217,29,218, -1,
          217,28,29, -1,
          216,28,217, -1,
          216,27,28, -1,
          215,27,216, -1,
          215,26,27, -1,
          214,26,215, -1,
          214,25,26, -1,
          213,25,214, -1,
          213,24,25, -1,
          212,23,24, -1,
          212,24,213, -1,
          211,22,23, -1,
          211,23,212, -1,
          210,21,22, -1,
          210,22,211, -1,
          209,20,21, -1,
          209,21,210, -1,
          208,19,20, -1,
          208,20,209, -1,
          207,18,19, -1,
          207,19,208, -1,
          206,17,18, -1,
          206,18,207, -1,
          205,15,16, -1,
          205,16,17, -1,
          205,17,206, -1,
          204,15,205, -1,
          203,14,15, -1,
          203,15,204, -1,
          202,13,14, -1,
          202,14,203, -1,
          201,12,13, -1,
          201,13,202, -1,
          200,11,12, -1,
          200,12,201, -1,
          199,10,11, -1,
          199,11,200, -1,
          198,9,10, -1,
          198,10,199, -1,
          197,8,9, -1,
          197,9,198, -1,
          196,7,8, -1,
          196,8,197, -1,
          195,6,7, -1,
          195,7,196, -1,
          194,5,6, -1,
          194,6,195, -1,
          193,4,5, -1,
          193,5,194, -1,
          192,2,3, -1,
          192,3,4, -1,
          192,4,193, -1,
          191,2,192, -1,
          190,2,191, -1,
          190,127,2, -1,
          189,127,190, -1,
          189,126,127, -1,
          188,126,189, -1,
          188,125,126, -1,
          187,124,125, -1,
          187,125,188, -1,
          186,123,124, -1,
          186,124,187, -1,
          185,123,186, -1,
          185,122,123, -1,
          184,121,122, -1,
          184,122,185, -1,
          183,121,184, -1,
          183,120,121, -1,
          182,119,120, -1,
          182,120,183, -1,
          181,118,119, -1,
          181,119,182, -1,
          180,117,118, -1,
          180,118,181, -1,
          179,116,117, -1,
          179,117,180, -1,
          178,115,116, -1,
          178,116,179, -1,
          177,114,115, -1,
          177,115,178, -1,
          176,113,114, -1,
          176,114,177, -1,
          175,112,113, -1,
          175,113,176, -1,
          174,111,112, -1,
          174,112,175, -1,
          173,110,111, -1,
          173,111,174, -1,
          172,109,110, -1,
          172,110,173, -1,
          171,108,109, -1,
          171,109,172, -1,
          170,107,108, -1,
          170,108,171, -1,
          169,106,107, -1,
          169,107,170, -1,
          168,105,106, -1,
          168,106,169, -1,
          167,104,105, -1,
          167,105,168, -1,
          166,103,104, -1,
          166,104,167, -1,
          165,102,103, -1,
          165,103,166, -1,
          164,101,102, -1,
          164,102,165, -1,
          163,101,164, -1,
          163,100,101, -1,
          162,100,163, -1,
          162,99,100, -1,
          161,99,162, -1,
          161,98,99, -1,
          160,98,161, -1,
          160,97,98, -1,
          159,97,160, -1,
          159,96,97, -1,
          158,96,159, -1,
          158,95,96, -1,
          157,95,158, -1,
          157,94,95, -1,
          156,94,157, -1,
          156,93,94, -1,
          155,93,156, -1,
          155,92,93, -1,
          154,92,155, -1,
          154,91,92, -1,
          153,91,154, -1,
          153,90,91, -1,
          152,90,153, -1,
          152,89,90, -1,
          151,89,152, -1,
          151,88,89, -1,
          150,88,151, -1,
          150,86,87, -1,
          150,87,88, -1,
          149,86,150, -1,
          148,86,149, -1,
          148,85,86, -1,
          147,84,85, -1,
          147,85,148, -1,
          146,83,84, -1,
          146,84,147, -1,
          145,82,83, -1,
          145,83,146, -1,
          144,81,82, -1,
          144,82,145, -1,
          143,80,81, -1,
          143,81,144, -1,
          142,80,143, -1,
          142,79,80, -1,
          141,79,142, -1,
          141,78,79, -1,
          140,78,141, -1,
          140,76,77, -1,
          140,77,78, -1,
          139,76,140, -1,
          138,76,139, -1,
          138,75,76, -1,
          137,75,138, -1,
          137,74,75, -1,
          136,74,137, -1,
          136,73,74, -1,
          135,73,136, -1,
          135,72,73, -1,
          134,72,135, -1,
          134,71,72, -1,
          133,71,134, -1,
          133,70,71, -1,
          132,70,133, -1,
          132,69,70, -1,
          131,69,132, -1,
          131,68,69, -1,
          130,68,131, -1,
          130,67,68, -1,
          129,67,130, -1,
          129,66,67, -1,
          128,66,129, -1,
          128,65,66, -1
        ]
    }
}

Shape{
    appearance Appearance {
        material Material {
            diffuseColor 0.647059 0.647059 0.647059
            specularColor 0.3 0.3 0.3
            ambientIntensity 0.2235
            transparency 0.0
            shininess 0.5
        }
    }
    geometry IndexedFaceSet {
        ccw TRUE
        solid FALSE
        coord Coordinate {
            point [
-0.0550053475039 0.843004131757 2.16535433071,
            0.0550053475039 0.843004131757 2.16535433071,
            -0.0550053475039 0.843004131757 2.16141732283,
            0.0550053475039 0.843004131757 2.16141732283
            ]
        }
        normal Normal {
            vector [
0 -1 0,
            0 -1 0,
            0 -1 0,
            0 -1 0
            ]
        }
        coordIndex [
3,1,0, -1,
          3,0,2, -1
        ]
    }
}

Shape{
    appearance Appearance {
        material Material {
            diffuseColor 0.647059 0.647059 0.647059
            specularColor 0.3 0.3 0.3
            ambientIntensity 0.2235
            transparency 0.0
            shininess 0.5
        }
    }
    geometry IndexedFaceSet {
        ccw TRUE
        solid FALSE
        coord Coordinate {
            point [
-0.0550053475039 1.008221198 2.16535433071,
            -0.0550053475039 0.843004131757 2.16535433071,
            -0.0550053475039 1.008221198 2.16141732283,
            -0.0550053475039 0.843004131757 2.16141732283
            ]
        }
        normal Normal {
            vector [
-1 0 0,
            -1 0 0,
            -1 0 0,
            -1 0 0
            ]
        }
        coordIndex [
1,0,2, -1,
          1,2,3, -1
        ]
    }
}

Shape{
    appearance Appearance {
        material Material {
            diffuseColor 0.647059 0.647059 0.647059
            specularColor 0.3 0.3 0.3
            ambientIntensity 0.2235
            transparency 0.0
            shininess 0.5
        }
    }
    geometry IndexedFaceSet {
        ccw TRUE
        solid FALSE
        coord Coordinate {
            point [
-0.220222413743 1.008221198 2.16535433071,
            -0.0550053475039 1.008221198 2.16535433071,
            -0.220222413743 1.008221198 2.16141732283,
            -0.0550053475039 1.008221198 2.16141732283
            ]
        }
        normal Normal {
            vector [
0 -1 0,
            0 -1 0,
            0 -1 0,
            0 -1 0
            ]
        }
        coordIndex [
3,1,0, -1,
          3,0,2, -1
        ]
    }
}

Shape{
    appearance Appearance {
        material Material {
            diffuseColor 0.647059 0.647059 0.647059
            specularColor 0.3 0.3 0.3
            ambientIntensity 0.2235
            transparency 0.0
            shininess 0.5
        }
    }
    geometry IndexedFaceSet {
        ccw TRUE
        solid FALSE
        coord Coordinate {
            point [
-0.220222413743 1.118231893 2.16535433071,
            -0.220222413743 1.008221198 2.16535433071,
            -0.220222413743 1.118231893 2.16141732283,
            -0.220222413743 1.008221198 2.16141732283
            ]
        }
        normal Normal {
            vector [
-1 0 0,
            -1 0 0,
            -1 0 0,
            -1 0 0
            ]
        }
        coordIndex [
0,2,3, -1,
          0,3,1, -1
        ]
    }
}

Shape{
    appearance Appearance {
        material Material {
            diffuseColor 0.647059 0.647059 0.647059
            specularColor 0.3 0.3 0.3
            ambientIntensity 0.2235
            transparency 0.0
            shininess 0.5
        }
    }
    geometry IndexedFaceSet {
        ccw TRUE
        solid FALSE
        coord Coordinate {
            point [
-0.0550053475039 1.118231893 2.16535433071,
            -0.220222413743 1.118231893 2.16535433071,
            -0.0550053475039 1.118231893 2.16141732283,
            -0.220222413743 1.118231893 2.16141732283
            ]
        }
        normal Normal {
            vector [
0 1 0,
            0 1 0,
            0 1 0,
            0 1 0
            ]
        }
        coordIndex [
0,2,3, -1,
          0,3,1, -1
        ]
    }
}

Shape{
    appearance Appearance {
        material Material {
            diffuseColor 0.647059 0.647059 0.647059
            specularColor 0.3 0.3 0.3
            ambientIntensity 0.2235
            transparency 0.0
            shininess 0.5
        }
    }
    geometry IndexedFaceSet {
        ccw TRUE
        solid FALSE
        coord Coordinate {
            point [
-0.0550053475039 1.28344895924 2.16535433071,
            -0.0550053475039 1.118231893 2.16535433071,
            -0.0550053475039 1.28344895924 2.16141732283,
            -0.0550053475039 1.118231893 2.16141732283
            ]
        }
        normal Normal {
            vector [
-1 0 0,
            -1 0 0,
            -1 0 0,
            -1 0 0
            ]
        }
        coordIndex [
0,2,3, -1,
          0,3,1, -1
        ]
    }
}

Shape{
    appearance Appearance {
        material Material {
            diffuseColor 0.647059 0.647059 0.647059
            specularColor 0.3 0.3 0.3
            ambientIntensity 0.2235
            transparency 0.0
            shininess 0.5
        }
    }
    geometry IndexedFaceSet {
        ccw TRUE
        solid FALSE
        coord Coordinate {
            point [
0.0550053475039 1.28344895924 2.16535433071,
            -0.0550053475039 1.28344895924 2.16535433071,
            0.0550053475039 1.28344895924 2.16141732283,
            -0.0550053475039 1.28344895924 2.16141732283
            ]
        }
        normal Normal {
            vector [
0 1 0,
            0 1 0,
            0 1 0,
            0 1 0
            ]
        }
        coordIndex [
0,2,3, -1,
          0,3,1, -1
        ]
    }
}

Shape{
    appearance Appearance {
        material Material {
            diffuseColor 0.647059 0.647059 0.647059
            specularColor 0.3 0.3 0.3
            ambientIntensity 0.2235
            transparency 0.0
            shininess 0.5
        }
    }
    geometry IndexedFaceSet {
        ccw TRUE
        solid FALSE
        coord Coordinate {
            point [
0.0550053475039 1.118231893 2.16535433071,
            0.0550053475039 1.28344895924 2.16535433071,
            0.0550053475039 1.118231893 2.16141732283,
            0.0550053475039 1.28344895924 2.16141732283
            ]
        }
        normal Normal {
            vector [
1 0 0,
            1 0 0,
            1 0 0,
            1 0 0
            ]
        }
        coordIndex [
3,1,0, -1,
          3,0,2, -1
        ]
    }
}

Shape{
    appearance Appearance {
        material Material {
            diffuseColor 0.647059 0.647059 0.647059
            specularColor 0.3 0.3 0.3
            ambientIntensity 0.2235
            transparency 0.0
            shininess 0.5
        }
    }
    geometry IndexedFaceSet {
        ccw TRUE
        solid FALSE
        coord Coordinate {
            point [
0.220222413743 1.118231893 2.16535433071,
            0.0550053475039 1.118231893 2.16535433071,
            0.220222413743 1.118231893 2.16141732283,
            0.0550053475039 1.118231893 2.16141732283
            ]
        }
        normal Normal {
            vector [
0 1 0,
            0 1 0,
            0 1 0,
            0 1 0
            ]
        }
        coordIndex [
0,2,3, -1,
          0,3,1, -1
        ]
    }
}

Shape{
    appearance Appearance {
        material Material {
            diffuseColor 0.647059 0.647059 0.647059
            specularColor 0.3 0.3 0.3
            ambientIntensity 0.2235
            transparency 0.0
            shininess 0.5
        }
    }
    geometry IndexedFaceSet {
        ccw TRUE
        solid FALSE
        coord Coordinate {
            point [
0.220222413743 1.008221198 2.16535433071,
            0.220222413743 1.118231893 2.16535433071,
            0.220222413743 1.008221198 2.16141732283,
            0.220222413743 1.118231893 2.16141732283
            ]
        }
        normal Normal {
            vector [
1 0 0,
            1 0 0,
            1 0 0,
            1 0 0
            ]
        }
        coordIndex [
3,1,0, -1,
          3,0,2, -1
        ]
    }
}

Shape{
    appearance Appearance {
        material Material {
            diffuseColor 0.647059 0.647059 0.647059
            specularColor 0.3 0.3 0.3
            ambientIntensity 0.2235
            transparency 0.0
            shininess 0.5
        }
    }
    geometry IndexedFaceSet {
        ccw TRUE
        solid FALSE
        coord Coordinate {
            point [
0.0550053475039 1.008221198 2.16535433071,
            0.220222413743 1.008221198 2.16535433071,
            0.0550053475039 1.008221198 2.16141732283,
            0.220222413743 1.008221198 2.16141732283
            ]
        }
        normal Normal {
            vector [
0 -1 0,
            0 -1 0,
            0 -1 0,
            0 -1 0
            ]
        }
        coordIndex [
3,1,0, -1,
          3,0,2, -1
        ]
    }
}

Shape{
    appearance Appearance {
        material Material {
            diffuseColor 0.647059 0.647059 0.647059
            specularColor 0.3 0.3 0.3
            ambientIntensity 0.2235
            transparency 0.0
            shininess 0.5
        }
    }
    geometry IndexedFaceSet {
        ccw TRUE
        solid FALSE
        coord Coordinate {
            point [
0.0550053475039 0.843004131757 2.16535433071,
            0.0550053475039 1.008221198 2.16535433071,
            0.0550053475039 0.843004131757 2.16141732283,
            0.0550053475039 1.008221198 2.16141732283
            ]
        }
        normal Normal {
            vector [
1 0 0,
            1 0 0,
            1 0 0,
            1 0 0
            ]
        }
        coordIndex [
3,1,0, -1,
          3,0,2, -1
        ]
    }
}

Shape{
    appearance Appearance {
        material Material {
            diffuseColor 0.223529 0.223529 0.223529
            specularColor 0.113725 0.113725 0.113725
            ambientIntensity 0.2235
            transparency 0.0
            shininess 0.5
        }
    }
    geometry IndexedFaceSet {
        ccw TRUE
        solid FALSE
        coord Coordinate {
            point [
0.368347483732 1.73293866272 0.196850393701,
            0.452134292003 1.7129888673 0.196850393701,
            0.534852513556 1.68899054653 0.196850393701,
            0.616306649856 1.66100041868 0.196850393701,
            0.696304189938 1.62908463641 0.196850393701,
            0.7746560654 1.59331863036 0.196850393701,
            0.851177097247 1.5537869309 0.196850393701,
            0.925686433552 1.51058296834 0.196850393701,
            0.998007976884 1.46380885213 0.196850393701,
            1.0679708005 1.41357512951 0.196850393701,
            1.13540955234 1.36000052426 0.196850393701,
            1.20016484576 1.30321165607 0.196850393701,
            1.26208363633 1.24334274133 0.196850393701,
            1.32101958345 1.1805352759 0.196850393701,
            1.37683339628 1.11493770068 0.196850393701,
            1.4293931629 1.0467050508 0.196850393701,
            1.4785746621 0.975998589187 0.196850393701,
            1.52426165697 0.902985425462 0.196850393701,
            1.56634616959 0.827838120956 0.196850393701,
            1.60472873627 0.750734280892 0.196850393701,
            1.63931864257 0.671856134621 0.196850393701,
            1.67003413776 0.591390104942 0.196850393701,
            1.69680262799 0.509526367498 0.196850393701,
            1.71956084785 0.426458401315 0.196850393701,
            1.73825500995 0.342382531528 0.196850393701,
            1.75284093198 0.257497465376 0.196850393701,
            1.76328414118 0.172003822578 0.196850393701,
            1.76955995576 0.0861036611785 0.196850393701,
            1.77165354331 2.16964984101e-16 0.196850393701,
            1.76986960608 -0.0794849356603 0.196850393701,
            1.764521387 -0.158809799238 0.196850393701,
            1.75561965668 -0.237814841015 0.196850393701,
            1.74318234201 -0.316340955352 0.196850393701,
            1.72723449009 -0.394230001104 0.196850393701,
            1.70780821777 -0.471325120098 0.196850393701,
            1.68494264698 -0.547471053026 0.196850393701,
            1.49772679732 -0.486640936024 0.196850393701,
            1.47346380447 -0.555796164904 0.196850393701,
            1.44600961713 -0.623747663054 0.196850393701,
            1.41542369496 -0.69034826266 0.196850393701,
            1.38177228024 -0.755453721654 0.196850393701,
            1.34512825446 -0.818923036109 0.196850393701,
            1.3055709804 -0.880618745623 0.196850393701,
            1.26318613032 -0.940407231028 0.196850393701,
            1.21806550037 -0.998159003777 0.196850393701,
            1.17030681178 -1.05374898639 0.196850393701,
            1.31659516325 -1.18546760969 0.196850393701,
            1.25660074182 -1.24888384294 0.196850393701,
            1.19355527418 -1.30926776673 0.196850393701,
            1.12761183569 -1.36647276794 0.196850393701,
            1.05893053807 -1.42035995193 0.196850393701,
            0.987678140568 -1.47079847979 0.196850393701,
            0.914027645122 -1.51766588598 0.196850393701,
            0.838157876284 -1.5608483757 0.196850393701,
            0.760253047038 -1.6002411012 0.196850393701,
            0.680502311525 -1.63574841633 0.196850393701,
            0.599099305776 -1.66728410876 0.196850393701,
            0.51624167756 -1.69477160935 0.196850393701,
            0.432130606491 -1.71814417801 0.196850393701,
            0.346970315564 -1.73734506579 0.196850393701,
            0.260967575294 -1.75232765263 0.196850393701,
            0.174331201677 -1.76305556056 0.196850393701,
            0.0872715491802 -1.76950274208 0.196850393701,
            -1.14879908309e-15 -1.77165354331 0.196850393701,
            -0.0872715491802 -1.76950274208 0.196850393701,
            -0.174331201677 -1.76305556056 0.196850393701,
            -0.260967575294 -1.75232765263 0.196850393701,
            -0.346970315564 -1.73734506579 0.196850393701,
            -0.432130606491 -1.71814417801 0.196850393701,
            -0.51624167756 -1.69477160935 0.196850393701,
            -0.599099305776 -1.66728410876 0.196850393701,
            -0.680502311525 -1.63574841633 0.196850393701,
            -0.760253047038 -1.6002411012 0.196850393701,
            -0.838157876284 -1.5608483757 0.196850393701,
            -0.914027645122 -1.51766588598 0.196850393701,
            -0.987678140568 -1.47079847979 0.196850393701,
            -1.05893053807 -1.42035995193 0.196850393701,
            -1.12761183569 -1.36647276794 0.196850393701,
            -1.19355527418 -1.30926776673 0.196850393701,
            -1.25660074182 -1.24888384294 0.196850393701,
            -1.31659516325 -1.18546760969 0.196850393701,
            -1.17030681178 -1.05374898639 0.196850393701,
            -1.21806550037 -0.998159003777 0.196850393701,
            -1.26318613032 -0.940407231028 0.196850393701,
            -1.3055709804 -0.880618745623 0.196850393701,
            -1.34512825446 -0.818923036109 0.196850393701,
            -1.38177228024 -0.755453721654 0.196850393701,
            -1.41542369496 -0.69034826266 0.196850393701,
            -1.44600961713 -0.623747663054 0.196850393701,
            -1.47346380447 -0.555796164904 0.196850393701,
            -1.49772679732 -0.486640936024 0.196850393701,
            -1.68494264698 -0.547471053026 0.196850393701,
            -1.70780821777 -0.471325120098 0.196850393701,
            -1.72723449009 -0.394230001104 0.196850393701,
            -1.74318234201 -0.316340955352 0.196850393701,
            -1.75561965668 -0.237814841016 0.196850393701,
            -1.764521387 -0.158809799238 0.196850393701,
            -1.76986960608 -0.0794849356604 0.196850393701,
            -1.77165354331 -7.58240135585e-32 0.196850393701,
            -1.76955995576 0.0861036611785 0.196850393701,
            -1.76328414118 0.172003822578 0.196850393701,
            -1.75284093198 0.257497465376 0.196850393701,
            -1.73825500995 0.342382531528 0.196850393701,
            -1.71956084785 0.426458401315 0.196850393701,
            -1.69680262799 0.509526367498 0.196850393701,
            -1.67003413776 0.591390104942 0.196850393701,
            -1.63931864257 0.671856134621 0.196850393701,
            -1.60472873627 0.750734280892 0.196850393701,
            -1.56634616959 0.827838120956 0.196850393701,
            -1.52426165697 0.902985425462 0.196850393701,
            -1.4785746621 0.975998589187 0.196850393701,
            -1.4293931629 1.0467050508 0.196850393701,
            -1.37683339628 1.11493770068 0.196850393701,
            -1.32101958345 1.1805352759 0.196850393701,
            -1.26208363633 1.24334274133 0.196850393701,
            -1.20016484576 1.30321165607 0.196850393701,
            -1.13540955234 1.36000052426 0.196850393701,
            -1.0679708005 1.41357512951 0.196850393701,
            -0.998007976884 1.46380885213 0.196850393701,
            -0.925686433552 1.51058296834 0.196850393701,
            -0.851177097247 1.5537869309 0.196850393701,
            -0.7746560654 1.59331863036 0.196850393701,
            -0.696304189938 1.62908463641 0.196850393701,
            -0.616306649856 1.66100041868 0.196850393701,
            -0.534852513556 1.68899054653 0.196850393701,
            -0.452134292003 1.7129888673 0.196850393701,
            -0.368347483732 1.73293866272 0.196850393701,
            -0.32741998554 1.54038992242 0.196850393701,
            -0.255398304103 1.55395516868 0.196850393701,
            -0.182823486811 1.56415489408 0.196850393701,
            -0.109852714558 1.57096700828 0.196850393701,
            -0.0366440257859 1.57437675776 0.196850393701,
            0.0366440257859 1.57437675776 0.196850393701,
            0.109852714558 1.57096700828 0.196850393701,
            0.182823486811 1.56415489408 0.196850393701,
            0.255398304103 1.55395516868 0.196850393701,
            0.32741998554 1.54038992242 0.196850393701,
            -0.11811023622 -0.787401574803 0.196850393701,
            -0.117963415892 -0.781514265473 0.196850393701,
            -0.117523319925 -0.775641592922 0.196850393701,
            -0.116791042468 -0.769798157538 0.196850393701,
            -0.115768404077 -0.763998487024 0.196850393701,
            -0.114457947192 -0.758257000273 0.196850393701,
            -0.112862929817 -0.752587971526 0.196850393701,
            -0.110987317416 -0.747005494883 0.196850393701,
            -0.108835773056 -0.741523449259 0.196850393701,
            -0.106413645815 -0.736155463884 0.196850393701,
            -0.103726957485 -0.730914884415 0.196850393701,
            -0.100782387594 -0.725814739758 0.196850393701,
            -0.097587256809 -0.720867709678 0.196850393701,
            -0.0941495087271 -0.716086093269 0.196850393701,
            -0.0904776901322 -0.711481778383 0.196850393701,
            -0.0865809297437 -0.707066212074 0.196850393701,
            -0.082468915522 -0.702850372135 0.196850393701,
            -0.0781518705823 -0.698844739807 0.196850393701,
            -0.0736405277786 -0.695059273724 0.196850393701,
            -0.0689461030199 -0.691503385152 0.196850393701,
            -0.0640802673857 -0.688185914588 0.196850393701,
            -0.0590551181102 -0.685115109789 0.196850393701,
            -0.0538831485063 -0.682298605258 0.196850393701,
            -0.0485772169052 -0.67974340327 0.196850393701,
            -0.0431505146889 -0.677455856459 0.196850393701,
            -0.0376165334943 -0.675441652028 0.196850393701,
            -0.0319890316704 -0.673705797604 0.196850393701,
            -0.0262820000736 -0.672252608797 0.196850393701,
            -0.0205096272835 -0.671085698463 0.196850393701,
            -0.0146862643284 -0.670207967724 0.196850393701,
            -0.00882638900627 -0.669621598758 0.196850393701,
            -0.00294456989032 -0.66932804937 0.196850393701,
            0.00294456989032 -0.66932804937 0.196850393701,
            0.00882638900627 -0.669621598758 0.196850393701,
            0.0146862643284 -0.670207967724 0.196850393701,
            0.0205096272835 -0.671085698463 0.196850393701,
            0.0262820000736 -0.672252608797 0.196850393701,
            0.0319890316704 -0.673705797604 0.196850393701,
            0.0376165334943 -0.675441652028 0.196850393701,
            0.0431505146889 -0.677455856459 0.196850393701,
            0.0485772169052 -0.67974340327 0.196850393701,
            0.0538831485063 -0.682298605258 0.196850393701,
            0.0590551181102 -0.685115109789 0.196850393701,
            0.0640802673857 -0.688185914588 0.196850393701,
            0.0689461030199 -0.691503385152 0.196850393701,
            0.0736405277786 -0.695059273724 0.196850393701,
            0.0781518705823 -0.698844739807 0.196850393701,
            0.082468915522 -0.702850372135 0.196850393701,
            0.0865809297437 -0.707066212074 0.196850393701,
            0.0904776901322 -0.711481778383 0.196850393701,
            0.0941495087271 -0.716086093269 0.196850393701,
            0.097587256809 -0.720867709678 0.196850393701,
            0.100782387594 -0.725814739758 0.196850393701,
            0.103726957485 -0.730914884415 0.196850393701,
            0.106413645815 -0.736155463884 0.196850393701,
            0.108835773056 -0.741523449259 0.196850393701,
            0.110987317416 -0.747005494883 0.196850393701,
            0.112862929817 -0.752587971526 0.196850393701,
            0.114457947192 -0.758257000273 0.196850393701,
            0.115768404077 -0.763998487024 0.196850393701,
            0.116791042468 -0.769798157538 0.196850393701,
            0.117523319925 -0.775641592922 0.196850393701,
            0.117963415892 -0.781514265473 0.196850393701,
            0.11811023622 -0.787401574803 0.196850393701,
            0.117963415892 -0.793288884133 0.196850393701,
            0.117523319925 -0.799161556685 0.196850393701,
            0.116791042468 -0.805004992068 0.196850393701,
            0.115768404077 -0.810804662583 0.196850393701,
            0.114457947192 -0.816546149333 0.196850393701,
            0.112862929817 -0.82221517808 0.196850393701,
            0.110987317416 -0.827797654724 0.196850393701,
            0.108835773056 -0.833279700347 0.196850393701,
            0.106413645815 -0.838647685723 0.196850393701,
            0.103726957485 -0.843888265191 0.196850393701,
            0.100782387594 -0.848988409848 0.196850393701,
            0.097587256809 -0.853935439929 0.196850393701,
            0.0941495087271 -0.858717056338 0.196850393701,
            0.0904776901322 -0.863321371223 0.196850393701,
            0.0865809297437 -0.867736937532 0.196850393701,
            0.082468915522 -0.871952777472 0.196850393701,
            0.0781518705823 -0.875958409799 0.196850393701,
            0.0736405277786 -0.879743875882 0.196850393701,
            0.0689461030199 -0.883299764455 0.196850393701,
            0.0640802673857 -0.886617235018 0.196850393701,
            0.0590551181102 -0.889688039817 0.196850393701,
            0.0538831485063 -0.892504544348 0.196850393701,
            0.0485772169052 -0.895059746336 0.196850393701,
            0.0431505146889 -0.897347293147 0.196850393701,
            0.0376165334943 -0.899361497579 0.196850393701,
            0.0319890316704 -0.901097352002 0.196850393701,
            0.0262820000736 -0.902550540809 0.196850393701,
            0.0205096272835 -0.903717451143 0.196850393701,
            0.0146862643284 -0.904595181882 0.196850393701,
            0.00882638900627 -0.905181550848 0.196850393701,
            0.00294456989032 -0.905475100236 0.196850393701,
            -0.00294456989032 -0.905475100236 0.196850393701,
            -0.00882638900627 -0.905181550848 0.196850393701,
            -0.0146862643284 -0.904595181882 0.196850393701,
            -0.0205096272835 -0.903717451143 0.196850393701,
            -0.0262820000736 -0.902550540809 0.196850393701,
            -0.0319890316704 -0.901097352002 0.196850393701,
            -0.0376165334943 -0.899361497579 0.196850393701,
            -0.0431505146889 -0.897347293147 0.196850393701,
            -0.0485772169052 -0.895059746336 0.196850393701,
            -0.0538831485063 -0.892504544348 0.196850393701,
            -0.0590551181102 -0.889688039817 0.196850393701,
            -0.0640802673857 -0.886617235018 0.196850393701,
            -0.0689461030199 -0.883299764455 0.196850393701,
            -0.0736405277786 -0.879743875882 0.196850393701,
            -0.0781518705823 -0.875958409799 0.196850393701,
            -0.082468915522 -0.871952777472 0.196850393701,
            -0.0865809297437 -0.867736937532 0.196850393701,
            -0.0904776901322 -0.863321371223 0.196850393701,
            -0.0941495087271 -0.858717056338 0.196850393701,
            -0.097587256809 -0.853935439929 0.196850393701,
            -0.100782387594 -0.848988409848 0.196850393701,
            -0.103726957485 -0.843888265191 0.196850393701,
            -0.106413645815 -0.838647685723 0.196850393701,
            -0.108835773056 -0.833279700347 0.196850393701,
            -0.110987317416 -0.827797654724 0.196850393701,
            -0.112862929817 -0.82221517808 0.196850393701,
            -0.114457947192 -0.816546149333 0.196850393701,
            -0.115768404077 -0.810804662583 0.196850393701,
            -0.116791042468 -0.805004992068 0.196850393701,
            -0.117523319925 -0.799161556685 0.196850393701,
            -0.117963415892 -0.793288884133 0.196850393701,
            -0.11811023622 0.787401574803 0.196850393701,
            -0.117963415892 0.793288884133 0.196850393701,
            -0.117523319925 0.799161556685 0.196850393701,
            -0.116791042468 0.805004992068 0.196850393701,
            -0.115768404077 0.810804662583 0.196850393701,
            -0.114457947192 0.816546149333 0.196850393701,
            -0.112862929817 0.82221517808 0.196850393701,
            -0.110987317416 0.827797654724 0.196850393701,
            -0.108835773056 0.833279700347 0.196850393701,
            -0.106413645815 0.838647685723 0.196850393701,
            -0.103726957485 0.843888265191 0.196850393701,
            -0.100782387594 0.848988409848 0.196850393701,
            -0.097587256809 0.853935439929 0.196850393701,
            -0.0941495087271 0.858717056338 0.196850393701,
            -0.0904776901322 0.863321371223 0.196850393701,
            -0.0865809297437 0.867736937532 0.196850393701,
            -0.082468915522 0.871952777472 0.196850393701,
            -0.0781518705823 0.875958409799 0.196850393701,
            -0.0736405277786 0.879743875882 0.196850393701,
            -0.0689461030199 0.883299764455 0.196850393701,
            -0.0640802673857 0.886617235018 0.196850393701,
            -0.0590551181102 0.889688039817 0.196850393701,
            -0.0538831485063 0.892504544348 0.196850393701,
            -0.0485772169052 0.895059746336 0.196850393701,
            -0.0431505146889 0.897347293147 0.196850393701,
            -0.0376165334943 0.899361497579 0.196850393701,
            -0.0319890316704 0.901097352002 0.196850393701,
            -0.0262820000736 0.902550540809 0.196850393701,
            -0.0205096272835 0.903717451143 0.196850393701,
            -0.0146862643284 0.904595181882 0.196850393701,
            -0.00882638900627 0.905181550848 0.196850393701,
            -0.00294456989032 0.905475100236 0.196850393701,
            0.00294456989032 0.905475100236 0.196850393701,
            0.00882638900627 0.905181550848 0.196850393701,
            0.0146862643284 0.904595181882 0.196850393701,
            0.0205096272835 0.903717451143 0.196850393701,
            0.0262820000736 0.902550540809 0.196850393701,
            0.0319890316704 0.901097352002 0.196850393701,
            0.0376165334943 0.899361497579 0.196850393701,
            0.0431505146889 0.897347293147 0.196850393701,
            0.0485772169052 0.895059746336 0.196850393701,
            0.0538831485063 0.892504544348 0.196850393701,
            0.0590551181102 0.889688039817 0.196850393701,
            0.0640802673857 0.886617235018 0.196850393701,
            0.0689461030199 0.883299764455 0.196850393701,
            0.0736405277786 0.879743875882 0.196850393701,
            0.0781518705823 0.875958409799 0.196850393701,
            0.082468915522 0.871952777472 0.196850393701,
            0.0865809297437 0.867736937532 0.196850393701,
            0.0904776901322 0.863321371223 0.196850393701,
            0.0941495087271 0.858717056338 0.196850393701,
            0.097587256809 0.853935439929 0.196850393701,
            0.100782387594 0.848988409848 0.196850393701,
            0.103726957485 0.843888265191 0.196850393701,
            0.106413645815 0.838647685723 0.196850393701,
            0.108835773056 0.833279700347 0.196850393701,
            0.110987317416 0.827797654724 0.196850393701,
            0.112862929817 0.82221517808 0.196850393701,
            0.114457947192 0.816546149333 0.196850393701,
            0.115768404077 0.810804662583 0.196850393701,
            0.116791042468 0.805004992068 0.196850393701,
            0.117523319925 0.799161556685 0.196850393701,
            0.117963415892 0.793288884133 0.196850393701,
            0.11811023622 0.787401574803 0.196850393701,
            0.117963415892 0.781514265473 0.196850393701,
            0.117523319925 0.775641592922 0.196850393701,
            0.116791042468 0.769798157538 0.196850393701,
            0.115768404077 0.763998487024 0.196850393701,
            0.114457947192 0.758257000273 0.196850393701,
            0.112862929817 0.752587971526 0.196850393701,
            0.110987317416 0.747005494883 0.196850393701,
            0.108835773056 0.741523449259 0.196850393701,
            0.106413645815 0.736155463884 0.196850393701,
            0.103726957485 0.730914884415 0.196850393701,
            0.100782387594 0.725814739758 0.196850393701,
            0.097587256809 0.720867709678 0.196850393701,
            0.0941495087271 0.716086093269 0.196850393701,
            0.0904776901322 0.711481778383 0.196850393701,
            0.0865809297437 0.707066212074 0.196850393701,
            0.082468915522 0.702850372135 0.196850393701,
            0.0781518705823 0.698844739807 0.196850393701,
            0.0736405277786 0.695059273724 0.196850393701,
            0.0689461030199 0.691503385152 0.196850393701,
            0.0640802673857 0.688185914588 0.196850393701,
            0.0590551181102 0.685115109789 0.196850393701,
            0.0538831485063 0.682298605258 0.196850393701,
            0.0485772169052 0.67974340327 0.196850393701,
            0.0431505146889 0.677455856459 0.196850393701,
            0.0376165334943 0.675441652028 0.196850393701,
            0.0319890316704 0.673705797604 0.196850393701,
            0.0262820000736 0.672252608797 0.196850393701,
            0.0205096272835 0.671085698463 0.196850393701,
            0.0146862643284 0.670207967724 0.196850393701,
            0.00882638900627 0.669621598758 0.196850393701,
            0.00294456989032 0.66932804937 0.196850393701,
            -0.00294456989032 0.66932804937 0.196850393701,
            -0.00882638900627 0.669621598758 0.196850393701,
            -0.0146862643284 0.670207967724 0.196850393701,
            -0.0205096272835 0.671085698463 0.196850393701,
            -0.0262820000736 0.672252608797 0.196850393701,
            -0.0319890316704 0.673705797604 0.196850393701,
            -0.0376165334943 0.675441652028 0.196850393701,
            -0.0431505146889 0.677455856459 0.196850393701,
            -0.0485772169052 0.67974340327 0.196850393701,
            -0.0538831485063 0.682298605258 0.196850393701,
            -0.0590551181102 0.685115109789 0.196850393701,
            -0.0640802673857 0.688185914588 0.196850393701,
            -0.0689461030199 0.691503385152 0.196850393701,
            -0.0736405277786 0.695059273724 0.196850393701,
            -0.0781518705823 0.698844739807 0.196850393701,
            -0.082468915522 0.702850372135 0.196850393701,
            -0.0865809297437 0.707066212074 0.196850393701,
            -0.0904776901322 0.711481778383 0.196850393701,
            -0.0941495087271 0.716086093269 0.196850393701,
            -0.097587256809 0.720867709678 0.196850393701,
            -0.100782387594 0.725814739758 0.196850393701,
            -0.103726957485 0.730914884415 0.196850393701,
            -0.106413645815 0.736155463884 0.196850393701,
            -0.108835773056 0.741523449259 0.196850393701,
            -0.110987317416 0.747005494883 0.196850393701,
            -0.112862929817 0.752587971526 0.196850393701,
            -0.114457947192 0.758257000273 0.196850393701,
            -0.115768404077 0.763998487024 0.196850393701,
            -0.116791042468 0.769798157538 0.196850393701,
            -0.117523319925 0.775641592922 0.196850393701,
            -0.117963415892 0.781514265473 0.196850393701
            ]
        }
        normal Normal {
            vector [
0 0 -1,
            0 0 -1,
            0 0 -1,
            0 0 -1,
            0 0 -1,
            0 0 -1,
            0 0 -1,
            0 0 -1,
            0 0 -1,
            0 0 -1,
            0 0 -1,
            0 0 -1,
            0 0 -1,
            0 0 -1,
            0 0 -1,
            0 0 -1,
            0 0 -1,
            0 0 -1,
            0 0 -1,
            0 0 -1,
            0 0 -1,
            0 0 -1,
            0 0 -1,
            0 0 -1,
            0 0 -1,
            0 0 -1,
            0 0 -1,
            0 0 -1,
            0 0 -1,
            0 0 -1,
            0 0 -1,
            0 0 -1,
            0 0 -1,
            0 0 -1,
            0 0 -1,
            0 0 -1,
            0 0 -1,
            0 0 -1,
            0 0 -1,
            0 0 -1,
            0 0 -1,
            0 0 -1,
            0 0 -1,
            0 0 -1,
            0 0 -1,
            0 0 -1,
            0 0 -1,
            0 0 -1,
            0 0 -1,
            0 0 -1,
            0 0 -1,
            0 0 -1,
            0 0 -1,
            0 0 -1,
            0 0 -1,
            0 0 -1,
            0 0 -1,
            0 0 -1,
            0 0 -1,
            0 0 -1,
            0 0 -1,
            0 0 -1,
            0 0 -1,
            0 0 -1,
            0 0 -1,
            0 0 -1,
            0 0 -1,
            0 0 -1,
            0 0 -1,
            0 0 -1,
            0 0 -1,
            0 0 -1,
            0 0 -1,
            0 0 -1,
            0 0 -1,
            0 0 -1,
            0 0 -1,
            0 0 -1,
            0 0 -1,
            0 0 -1,
            0 0 -1,
            0 0 -1,
            0 0 -1,
            0 0 -1,
            0 0 -1,
            0 0 -1,
            0 0 -1,
            0 0 -1,
            0 0 -1,
            0 0 -1,
            0 0 -1,
            0 0 -1,
            0 0 -1,
            0 0 -1,
            0 0 -1,
            0 0 -1,
            0 0 -1,
            0 0 -1,
            0 0 -1,
            0 0 -1,
            0 0 -1,
            0 0 -1,
            0 0 -1,
            0 0 -1,
            0 0 -1,
            0 0 -1,
            0 0 -1,
            0 0 -1,
            0 0 -1,
            0 0 -1,
            0 0 -1,
            0 0 -1,
            0 0 -1,
            0 0 -1,
            0 0 -1,
            0 0 -1,
            0 0 -1,
            0 0 -1,
            0 0 -1,
            0 0 -1,
            0 0 -1,
            0 0 -1,
            0 0 -1,
            0 0 -1,
            0 0 -1,
            0 0 -1,
            0 0 -1,
            0 0 -1,
            0 0 -1,
            0 0 -1,
            0 0 -1,
            0 0 -1,
            0 0 -1,
            0 0 -1,
            0 0 -1,
            0 0 -1,
            0 0 -1,
            0 0 -1,
            0 0 -1,
            0 0 -1,
            0 0 -1,
            0 0 -1,
            0 0 -1,
            0 0 -1,
            0 0 -1,
            0 0 -1,
            0 0 -1,
            0 0 -1,
            0 0 -1,
            0 0 -1,
            0 0 -1,
            0 0 -1,
            0 0 -1,
            0 0 -1,
            0 0 -1,
            0 0 -1,
            0 0 -1,
            0 0 -1,
            0 0 -1,
            0 0 -1,
            0 0 -1,
            0 0 -1,
            0 0 -1,
            0 0 -1,
            0 0 -1,
            0 0 -1,
            0 0 -1,
            0 0 -1,
            0 0 -1,
            0 0 -1,
            0 0 -1,
            0 0 -1,
            0 0 -1,
            0 0 -1,
            0 0 -1,
            0 0 -1,
            0 0 -1,
            0 0 -1,
            0 0 -1,
            0 0 -1,
            0 0 -1,
            0 0 -1,
            0 0 -1,
            0 0 -1,
            0 0 -1,
            0 0 -1,
            0 0 -1,
            0 0 -1,
            0 0 -1,
            0 0 -1,
            0 0 -1,
            0 0 -1,
            0 0 -1,
            0 0 -1,
            0 0 -1,
            0 0 -1,
            0 0 -1,
            0 0 -1,
            0 0 -1,
            0 0 -1,
            0 0 -1,
            0 0 -1,
            0 0 -1,
            0 0 -1,
            0 0 -1,
            0 0 -1,
            0 0 -1,
            0 0 -1,
            0 0 -1,
            0 0 -1,
            0 0 -1,
            0 0 -1,
            0 0 -1,
            0 0 -1,
            0 0 -1,
            0 0 -1,
            0 0 -1,
            0 0 -1,
            0 0 -1,
            0 0 -1,
            0 0 -1,
            0 0 -1,
            0 0 -1,
            0 0 -1,
            0 0 -1,
            0 0 -1,
            0 0 -1,
            0 0 -1,
            0 0 -1,
            0 0 -1,
            0 0 -1,
            0 0 -1,
            0 0 -1,
            0 0 -1,
            0 0 -1,
            0 0 -1,
            0 0 -1,
            0 0 -1,
            0 0 -1,
            0 0 -1,
            0 0 -1,
            0 0 -1,
            0 0 -1,
            0 0 -1,
            0 0 -1,
            0 0 -1,
            0 0 -1,
            0 0 -1,
            0 0 -1,
            0 0 -1,
            0 0 -1,
            0 0 -1,
            0 0 -1,
            0 0 -1,
            0 0 -1,
            0 0 -1,
            0 0 -1,
            0 0 -1,
            0 0 -1,
            0 0 -1,
            0 0 -1,
            0 0 -1,
            0 0 -1,
            0 0 -1,
            0 0 -1,
            0 0 -1,
            0 0 -1,
            0 0 -1,
            0 0 -1,
            0 0 -1,
            0 0 -1,
            0 0 -1,
            0 0 -1,
            0 0 -1,
            0 0 -1,
            0 0 -1,
            0 0 -1,
            0 0 -1,
            0 0 -1,
            0 0 -1,
            0 0 -1,
            0 0 -1,
            0 0 -1,
            0 0 -1,
            0 0 -1,
            0 0 -1,
            0 0 -1,
            0 0 -1,
            0 0 -1,
            0 0 -1,
            0 0 -1,
            0 0 -1,
            0 0 -1,
            0 0 -1,
            0 0 -1,
            0 0 -1,
            0 0 -1,
            0 0 -1,
            0 0 -1,
            0 0 -1,
            0 0 -1,
            0 0 -1,
            0 0 -1,
            0 0 -1,
            0 0 -1,
            0 0 -1,
            0 0 -1,
            0 0 -1,
            0 0 -1,
            0 0 -1,
            0 0 -1,
            0 0 -1,
            0 0 -1,
            0 0 -1,
            0 0 -1,
            0 0 -1,
            0 0 -1,
            0 0 -1,
            0 0 -1,
            0 0 -1,
            0 0 -1,
            0 0 -1,
            0 0 -1,
            0 0 -1,
            0 0 -1,
            0 0 -1,
            0 0 -1,
            0 0 -1,
            0 0 -1,
            0 0 -1,
            0 0 -1,
            0 0 -1,
            0 0 -1,
            0 0 -1,
            0 0 -1,
            0 0 -1,
            0 0 -1,
            0 0 -1,
            0 0 -1,
            0 0 -1,
            0 0 -1,
            0 0 -1,
            0 0 -1,
            0 0 -1,
            0 0 -1,
            0 0 -1,
            0 0 -1,
            0 0 -1,
            0 0 -1,
            0 0 -1,
            0 0 -1,
            0 0 -1,
            0 0 -1,
            0 0 -1,
            0 0 -1,
            0 0 -1,
            0 0 -1,
            0 0 -1,
            0 0 -1,
            0 0 -1,
            0 0 -1,
            0 0 -1,
            0 0 -1,
            0 0 -1,
            0 0 -1,
            0 0 -1,
            0 0 -1,
            0 0 -1,
            0 0 -1,
            0 0 -1,
            0 0 -1,
            0 0 -1,
            0 0 -1,
            0 0 -1,
            0 0 -1,
            0 0 -1,
            0 0 -1,
            0 0 -1,
            0 0 -1,
            0 0 -1,
            0 0 -1,
            0 0 -1,
            0 0 -1,
            0 0 -1,
            0 0 -1,
            0 0 -1,
            0 0 -1,
            0 0 -1,
            0 0 -1
            ]
        }
        coordIndex [
45,46,47, -1,
          45,47,48, -1,
          45,48,49, -1,
          45,49,50, -1,
          45,50,51, -1,
          45,51,52, -1,
          36,31,32, -1,
          36,32,33, -1,
          36,33,34, -1,
          36,34,35, -1,
          30,31,36, -1,
          29,30,36, -1,
          28,29,36, -1,
          27,28,36, -1,
          26,27,36, -1,
          25,26,36, -1,
          24,25,36, -1,
          215,56,216, -1,
          217,216,56, -1,
          217,56,57, -1,
          214,55,56, -1,
          214,56,215, -1,
          218,217,57, -1,
          213,55,214, -1,
          219,218,57, -1,
          219,57,58, -1,
          212,54,55, -1,
          212,55,213, -1,
          220,219,58, -1,
          211,54,212, -1,
          221,220,58, -1,
          221,58,59, -1,
          210,54,211, -1,
          210,53,54, -1,
          222,221,59, -1,
          209,53,210, -1,
          209,52,53, -1,
          223,222,59, -1,
          223,59,60, -1,
          208,45,52, -1,
          208,52,209, -1,
          224,223,60, -1,
          207,45,208, -1,
          225,224,60, -1,
          206,45,207, -1,
          226,225,60, -1,
          226,60,61, -1,
          205,45,206, -1,
          227,226,61, -1,
          204,45,205, -1,
          228,227,61, -1,
          228,61,62, -1,
          203,45,204, -1,
          229,228,62, -1,
          202,45,203, -1,
          230,229,62, -1,
          230,62,63, -1,
          201,45,202, -1,
          231,230,63, -1,
          200,45,201, -1,
          232,231,63, -1,
          199,45,200, -1,
          233,232,63, -1,
          233,63,64, -1,
          198,45,199, -1,
          234,233,64, -1,
          197,45,198, -1,
          235,64,65, -1,
          235,234,64, -1,
          196,45,197, -1,
          236,235,65, -1,
          195,44,45, -1,
          195,45,196, -1,
          237,65,66, -1,
          237,236,65, -1,
          194,43,44, -1,
          194,44,195, -1,
          238,237,66, -1,
          193,43,194, -1,
          193,42,43, -1,
          239,238,66, -1,
          192,41,42, -1,
          192,42,193, -1,
          240,66,67, -1,
          240,239,66, -1,
          191,40,41, -1,
          191,41,192, -1,
          241,240,67, -1,
          190,39,40, -1,
          190,40,191, -1,
          242,67,68, -1,
          242,241,67, -1,
          189,38,39, -1,
          189,39,190, -1,
          243,242,68, -1,
          188,38,189, -1,
          188,36,37, -1,
          188,37,38, -1,
          244,243,68, -1,
          244,68,69, -1,
          187,36,188, -1,
          245,244,69, -1,
          186,36,187, -1,
          246,245,69, -1,
          246,69,70, -1,
          185,36,186, -1,
          247,246,70, -1,
          184,36,185, -1,
          248,247,70, -1,
          183,36,184, -1,
          249,248,70, -1,
          249,70,71, -1,
          250,249,71, -1,
          251,250,71, -1,
          251,71,72, -1,
          252,251,72, -1,
          253,252,72, -1,
          73,253,72, -1,
          73,254,253, -1,
          74,255,254, -1,
          74,254,73, -1,
          81,138,137, -1,
          81,139,138, -1,
          81,140,139, -1,
          81,141,140, -1,
          81,142,141, -1,
          81,256,255, -1,
          81,257,256, -1,
          81,258,257, -1,
          81,259,258, -1,
          81,260,259, -1,
          81,261,260, -1,
          81,262,261, -1,
          81,137,262, -1,
          81,74,75, -1,
          81,75,76, -1,
          81,76,77, -1,
          81,77,78, -1,
          81,78,79, -1,
          81,255,74, -1,
          80,81,79, -1,
          82,143,142, -1,
          82,142,81, -1,
          83,144,143, -1,
          83,143,82, -1,
          84,144,83, -1,
          84,145,144, -1,
          85,145,84, -1,
          85,146,145, -1,
          341,36,342, -1,
          343,36,183, -1,
          343,342,36, -1,
          340,36,341, -1,
          344,343,183, -1,
          344,183,182, -1,
          339,36,340, -1,
          339,24,36, -1,
          345,344,182, -1,
          345,182,181, -1,
          338,22,23, -1,
          338,23,24, -1,
          338,24,339, -1,
          346,345,181, -1,
          346,181,180, -1,
          337,21,22, -1,
          337,22,338, -1,
          347,346,180, -1,
          347,180,179, -1,
          86,147,146, -1,
          86,146,85, -1,
          336,20,21, -1,
          336,21,337, -1,
          348,347,179, -1,
          348,179,178, -1,
          335,19,20, -1,
          335,20,336, -1,
          349,348,178, -1,
          349,178,177, -1,
          334,18,19, -1,
          334,19,335, -1,
          350,349,177, -1,
          350,177,176, -1,
          333,17,18, -1,
          333,18,334, -1,
          351,350,176, -1,
          351,176,175, -1,
          332,16,17, -1,
          332,17,333, -1,
          352,351,175, -1,
          352,175,174, -1,
          331,16,332, -1,
          331,15,16, -1,
          353,352,174, -1,
          353,174,173, -1,
          330,14,15, -1,
          330,15,331, -1,
          354,353,173, -1,
          354,172,171, -1,
          354,173,172, -1,
          329,14,330, -1,
          355,354,171, -1,
          328,13,14, -1,
          328,14,329, -1,
          356,355,171, -1,
          356,171,170, -1,
          327,13,328, -1,
          327,12,13, -1,
          357,356,170, -1,
          357,169,168, -1,
          357,170,169, -1,
          326,11,12, -1,
          326,12,327, -1,
          358,357,168, -1,
          325,11,326, -1,
          359,358,168, -1,
          359,168,167, -1,
          324,10,11, -1,
          324,11,325, -1,
          360,167,166, -1,
          360,359,167, -1,
          323,9,10, -1,
          323,10,324, -1,
          361,165,164, -1,
          361,166,165, -1,
          361,360,166, -1,
          322,9,323, -1,
          362,164,163, -1,
          362,361,164, -1,
          321,8,9, -1,
          321,9,322, -1,
          363,362,163, -1,
          320,8,321, -1,
          364,163,162, -1,
          364,363,163, -1,
          319,7,8, -1,
          319,8,320, -1,
          365,162,161, -1,
          365,364,162, -1,
          318,6,7, -1,
          318,7,319, -1,
          87,148,147, -1,
          87,147,86, -1,
          366,365,161, -1,
          366,161,160, -1,
          317,6,318, -1,
          367,366,160, -1,
          367,160,159, -1,
          368,367,159, -1,
          368,159,158, -1,
          369,158,157, -1,
          369,368,158, -1,
          370,157,156, -1,
          370,369,157, -1,
          371,370,156, -1,
          371,156,155, -1,
          372,371,155, -1,
          372,155,154, -1,
          88,148,87, -1,
          88,149,148, -1,
          89,149,88, -1,
          90,372,154, -1,
          90,150,149, -1,
          90,151,150, -1,
          90,152,151, -1,
          90,153,152, -1,
          90,154,153, -1,
          90,373,372, -1,
          90,374,373, -1,
          90,375,374, -1,
          90,376,375, -1,
          90,149,89, -1,
          136,6,317, -1,
          136,2,3, -1,
          136,306,305, -1,
          136,3,4, -1,
          136,307,306, -1,
          136,4,5, -1,
          136,308,307, -1,
          136,5,6, -1,
          136,309,308, -1,
          136,310,309, -1,
          136,311,310, -1,
          136,312,311, -1,
          136,313,312, -1,
          136,314,313, -1,
          136,315,314, -1,
          136,316,315, -1,
          136,317,316, -1,
          92,90,91, -1,
          1,2,136, -1,
          135,303,302, -1,
          135,304,303, -1,
          135,305,304, -1,
          135,136,305, -1,
          93,90,92, -1,
          0,1,136, -1,
          134,135,302, -1,
          134,301,300, -1,
          134,302,301, -1,
          94,90,93, -1,
          133,134,300, -1,
          133,298,297, -1,
          133,299,298, -1,
          133,300,299, -1,
          95,90,94, -1,
          132,133,297, -1,
          132,296,295, -1,
          132,297,296, -1,
          96,90,95, -1,
          131,132,295, -1,
          131,293,292, -1,
          131,294,293, -1,
          131,295,294, -1,
          130,131,292, -1,
          130,290,289, -1,
          130,291,290, -1,
          130,292,291, -1,
          97,90,96, -1,
          129,130,289, -1,
          129,288,287, -1,
          129,289,288, -1,
          98,90,97, -1,
          128,129,287, -1,
          128,285,284, -1,
          128,286,285, -1,
          128,287,286, -1,
          99,90,98, -1,
          127,128,284, -1,
          127,273,272, -1,
          127,274,273, -1,
          127,275,274, -1,
          127,276,275, -1,
          127,277,276, -1,
          127,278,277, -1,
          127,279,278, -1,
          127,280,279, -1,
          127,281,280, -1,
          127,282,281, -1,
          127,283,282, -1,
          127,284,283, -1,
          100,90,99, -1,
          101,90,100, -1,
          102,376,90, -1,
          102,377,376, -1,
          102,90,101, -1,
          103,377,102, -1,
          125,126,127, -1,
          104,377,103, -1,
          104,378,377, -1,
          124,125,127, -1,
          105,378,104, -1,
          105,379,378, -1,
          123,124,127, -1,
          106,379,105, -1,
          106,380,379, -1,
          122,123,127, -1,
          107,380,106, -1,
          107,381,380, -1,
          121,122,127, -1,
          108,381,107, -1,
          108,382,381, -1,
          120,127,272, -1,
          120,121,127, -1,
          120,272,271, -1,
          109,383,382, -1,
          109,382,108, -1,
          119,120,271, -1,
          119,271,270, -1,
          110,383,109, -1,
          110,384,383, -1,
          118,119,270, -1,
          118,269,268, -1,
          118,270,269, -1,
          111,385,384, -1,
          111,384,110, -1,
          117,118,268, -1,
          117,267,266, -1,
          117,268,267, -1,
          112,385,111, -1,
          112,386,385, -1,
          112,387,386, -1,
          116,117,266, -1,
          116,266,265, -1,
          113,387,112, -1,
          113,388,387, -1,
          115,116,265, -1,
          115,264,263, -1,
          115,265,264, -1,
          114,115,263, -1,
          114,388,113, -1,
          114,263,388, -1
        ]
    }
}

Shape{
    appearance Appearance {
        material Material {
            diffuseColor 0.223529 0.223529 0.223529
            specularColor 0.113725 0.113725 0.113725
            ambientIntensity 0.2235
            transparency 0.0
            shininess 0.5
        }
    }
    geometry IndexedFaceSet {
        ccw TRUE
        solid FALSE
        coord Coordinate {
            point [
-1.49772679732 -0.486640936024 0.196850393701,
            -1.49772679732 -0.486640936024 0,
            -1.68494264698 -0.547471053026 0.196850393701,
            -1.68494264698 -0.547471053026 0
            ]
        }
        normal Normal {
            vector [
-0.309016994375 0.951056516295 0,
            -0.309016994375 0.951056516295 0,
            -0.309016994375 0.951056516295 0,
            -0.309016994375 0.951056516295 0
            ]
        }
        coordIndex [
0,3,2, -1,
          0,1,3, -1
        ]
    }
}

Shape{
    appearance Appearance {
        material Material {
            diffuseColor 0.223529 0.223529 0.223529
            specularColor 0.113725 0.113725 0.113725
            ambientIntensity 0.2235
            transparency 0.0
            shininess 0.5
        }
    }
    geometry IndexedFaceSet {
        ccw TRUE
        solid FALSE
        coord Coordinate {
            point [
-1.31659516325 -1.18546760969 0,
            -1.17030681178 -1.05374898639 0,
            -1.21806550037 -0.998159003777 0,
            -1.26318613032 -0.940407231028 0,
            -1.3055709804 -0.880618745623 0,
            -1.34512825446 -0.818923036109 0,
            -1.38177228024 -0.755453721654 0,
            -1.41542369496 -0.69034826266 0,
            -1.44600961713 -0.623747663054 0,
            -1.47346380447 -0.555796164904 0,
            -1.49772679732 -0.486640936024 0,
            -1.68494264698 -0.547471053026 0,
            -1.65764678003 -0.625270685517 0,
            -1.62676081928 -0.701716120935 0,
            -1.59235165683 -0.776641795492 0,
            -1.55449381527 -0.849885436861 0,
            -1.51326928626 -0.921288415623 0,
            -1.46876735295 -0.990696088826 0,
            -1.42108439661 -1.05795813491 0,
            -1.37032368791 -1.12292887925 0
            ]
        }
        normal Normal {
            vector [
0 0 -1,
            0 0 -1,
            0 0 -1,
            0 0 -1,
            0 0 -1,
            0 0 -1,
            0 0 -1,
            0 0 -1,
            0 0 -1,
            0 0 -1,
            0 0 -1,
            0 0 -1,
            0 0 -1,
            0 0 -1,
            0 0 -1,
            0 0 -1,
            0 0 -1,
            0 0 -1,
            0 0 -1,
            0 0 -1
            ]
        }
        coordIndex [
1,0,19, -1,
          2,19,18, -1,
          2,1,19, -1,
          3,18,17, -1,
          3,2,18, -1,
          4,17,16, -1,
          4,3,17, -1,
          5,16,15, -1,
          5,4,16, -1,
          6,15,14, -1,
          6,5,15, -1,
          7,14,13, -1,
          7,6,14, -1,
          8,7,13, -1,
          9,13,12, -1,
          9,8,13, -1,
          10,12,11, -1,
          10,9,12, -1
        ]
    }
}

Shape{
    appearance Appearance {
        material Material {
            diffuseColor 0.223529 0.223529 0.223529
            specularColor 0.113725 0.113725 0.113725
            ambientIntensity 0.2235
            transparency 0.0
            shininess 0.5
        }
    }
    geometry IndexedFaceSet {
        ccw TRUE
        solid FALSE
        coord Coordinate {
            point [
-1.31659516325 -1.18546760969 0.196850393701,
            -1.31659516325 -1.18546760969 0,
            -1.17030681178 -1.05374898639 0.196850393701,
            -1.17030681178 -1.05374898639 0
            ]
        }
        normal Normal {
            vector [
0.669130606359 -0.743144825477 0,
            0.669130606359 -0.743144825477 0,
            0.669130606359 -0.743144825477 0,
            0.669130606359 -0.743144825477 0
            ]
        }
        coordIndex [
0,3,2, -1,
          0,1,3, -1
        ]
    }
}

Shape{
    appearance Appearance {
        material Material {
            diffuseColor 0.223529 0.223529 0.223529
            specularColor 0.113725 0.113725 0.113725
            ambientIntensity 0.2235
            transparency 0.0
            shininess 0.5
        }
    }
    geometry IndexedFaceSet {
        ccw TRUE
        solid FALSE
        coord Coordinate {
            point [
1.17030681178 -1.05374898639 0.196850393701,
            1.17030681178 -1.05374898639 0,
            1.31659516325 -1.18546760969 0.196850393701,
            1.31659516325 -1.18546760969 0
            ]
        }
        normal Normal {
            vector [
-0.669130606359 -0.743144825477 0,
            -0.669130606359 -0.743144825477 0,
            -0.669130606359 -0.743144825477 0,
            -0.669130606359 -0.743144825477 0
            ]
        }
        coordIndex [
0,3,2, -1,
          0,1,3, -1
        ]
    }
}

Shape{
    appearance Appearance {
        material Material {
            diffuseColor 0.223529 0.223529 0.223529
            specularColor 0.113725 0.113725 0.113725
            ambientIntensity 0.2235
            transparency 0.0
            shininess 0.5
        }
    }
    geometry IndexedFaceSet {
        ccw TRUE
        solid FALSE
        coord Coordinate {
            point [
1.68494264698 -0.547471053026 0,
            1.49772679732 -0.486640936024 0,
            1.47346380447 -0.555796164904 0,
            1.44600961713 -0.623747663054 0,
            1.41542369496 -0.69034826266 0,
            1.38177228024 -0.755453721654 0,
            1.34512825446 -0.818923036109 0,
            1.3055709804 -0.880618745623 0,
            1.26318613032 -0.940407231028 0,
            1.21806550037 -0.998159003777 0,
            1.17030681178 -1.05374898639 0,
            1.31659516325 -1.18546760969 0,
            1.37032368791 -1.12292887925 0,
            1.42108439661 -1.05795813491 0,
            1.46876735295 -0.990696088826 0,
            1.51326928626 -0.921288415623 0,
            1.55449381527 -0.849885436861 0,
            1.59235165683 -0.776641795492 0,
            1.62676081928 -0.701716120935 0,
            1.65764678003 -0.625270685517 0
            ]
        }
        normal Normal {
            vector [
0 0 -1,
            0 0 -1,
            0 0 -1,
            0 0 -1,
            0 0 -1,
            0 0 -1,
            0 0 -1,
            0 0 -1,
            0 0 -1,
            0 0 -1,
            0 0 -1,
            0 0 -1,
            0 0 -1,
            0 0 -1,
            0 0 -1,
            0 0 -1,
            0 0 -1,
            0 0 -1,
            0 0 -1,
            0 0 -1
            ]
        }
        coordIndex [
12,10,9, -1,
          12,11,10, -1,
          13,9,8, -1,
          13,12,9, -1,
          14,8,7, -1,
          14,13,8, -1,
          15,7,6, -1,
          15,14,7, -1,
          16,6,5, -1,
          16,15,6, -1,
          17,5,4, -1,
          17,16,5, -1,
          18,3,2, -1,
          18,4,3, -1,
          18,17,4, -1,
          19,2,1, -1,
          19,18,2, -1,
          0,19,1, -1
        ]
    }
}

Shape{
    appearance Appearance {
        material Material {
            diffuseColor 0.223529 0.223529 0.223529
            specularColor 0.113725 0.113725 0.113725
            ambientIntensity 0.2235
            transparency 0.0
            shininess 0.5
        }
    }
    geometry IndexedFaceSet {
        ccw TRUE
        solid FALSE
        coord Coordinate {
            point [
1.68494264698 -0.547471053026 0.196850393701,
            1.68494264698 -0.547471053026 0,
            1.49772679732 -0.486640936024 0.196850393701,
            1.49772679732 -0.486640936024 0
            ]
        }
        normal Normal {
            vector [
0.309016994375 0.951056516295 0,
            0.309016994375 0.951056516295 0,
            0.309016994375 0.951056516295 0,
            0.309016994375 0.951056516295 0
            ]
        }
        coordIndex [
0,3,2, -1,
          0,1,3, -1
        ]
    }
}

Shape{
    appearance Appearance {
        material Material {
            diffuseColor 0.223529 0.223529 0.223529
            specularColor 0.113725 0.113725 0.113725
            ambientIntensity 0.2235
            transparency 0.0
            shininess 0.5
        }
    }
    geometry IndexedFaceSet {
        ccw TRUE
        solid FALSE
        coord Coordinate {
            point [
0.32741998554 1.54038992242 0.196850393701,
            0.32741998554 1.54038992242 0,
            0.368347483732 1.73293866272 0.196850393701,
            0.368347483732 1.73293866272 0
            ]
        }
        normal Normal {
            vector [
0.978147600734 -0.207911690818 0,
            0.978147600734 -0.207911690818 0,
            0.978147600734 -0.207911690818 0,
            0.978147600734 -0.207911690818 0
            ]
        }
        coordIndex [
0,3,2, -1,
          0,1,3, -1
        ]
    }
}

Shape{
    appearance Appearance {
        material Material {
            diffuseColor 0.223529 0.223529 0.223529
            specularColor 0.113725 0.113725 0.113725
            ambientIntensity 0.2235
            transparency 0.0
            shininess 0.5
        }
    }
    geometry IndexedFaceSet {
        ccw TRUE
        solid FALSE
        coord Coordinate {
            point [
-0.368347483732 1.73293866272 0,
            -0.32741998554 1.54038992242 0,
            -0.255398304103 1.55395516868 0,
            -0.182823486811 1.56415489408 0,
            -0.109852714558 1.57096700828 0,
            -0.0366440257859 1.57437675776 0,
            0.0366440257859 1.57437675776 0,
            0.109852714558 1.57096700828 0,
            0.182823486811 1.56415489408 0,
            0.255398304103 1.55395516868 0,
            0.32741998554 1.54038992242 0,
            0.368347483732 1.73293866272 0,
            0.287323092116 1.74819956477 0,
            0.205676422663 1.75967425584 0,
            0.123584303877 1.76733788432 0,
            0.0412245290092 1.77117385248 0,
            -0.0412245290092 1.77117385248 0,
            -0.123584303877 1.76733788432 0,
            -0.205676422663 1.75967425584 0,
            -0.287323092116 1.74819956477 0
            ]
        }
        normal Normal {
            vector [
0 0 -1,
            0 0 -1,
            0 0 -1,
            0 0 -1,
            0 0 -1,
            0 0 -1,
            0 0 -1,
            0 0 -1,
            0 0 -1,
            0 0 -1,
            0 0 -1,
            0 0 -1,
            0 0 -1,
            0 0 -1,
            0 0 -1,
            0 0 -1,
            0 0 -1,
            0 0 -1,
            0 0 -1,
            0 0 -1
            ]
        }
        coordIndex [
19,1,0, -1,
          19,2,1, -1,
          18,3,2, -1,
          18,2,19, -1,
          17,4,3, -1,
          17,3,18, -1,
          16,5,4, -1,
          16,6,5, -1,
          16,4,17, -1,
          15,7,6, -1,
          15,6,16, -1,
          14,8,7, -1,
          14,7,15, -1,
          13,9,8, -1,
          13,8,14, -1,
          12,9,13, -1,
          11,10,9, -1,
          11,9,12, -1
        ]
    }
}

Shape{
    appearance Appearance {
        material Material {
            diffuseColor 0.223529 0.223529 0.223529
            specularColor 0.113725 0.113725 0.113725
            ambientIntensity 0.2235
            transparency 0.0
            shininess 0.5
        }
    }
    geometry IndexedFaceSet {
        ccw TRUE
        solid FALSE
        coord Coordinate {
            point [
-0.368347483732 1.73293866272 0.196850393701,
            -0.368347483732 1.73293866272 0,
            -0.32741998554 1.54038992242 0.196850393701,
            -0.32741998554 1.54038992242 0
            ]
        }
        normal Normal {
            vector [
-0.978147600734 -0.207911690818 0,
            -0.978147600734 -0.207911690818 0,
            -0.978147600734 -0.207911690818 0,
            -0.978147600734 -0.207911690818 0
            ]
        }
        coordIndex [
0,3,2, -1,
          0,1,3, -1
        ]
    }
}

Shape{
    appearance Appearance {
        material Material {
            diffuseColor 0.85098 0.85098 0.85098
            specularColor 0.5 0.5 0.5
            ambientIntensity 0.2235
            transparency 0.0
            shininess 0.5
        }
    }
    geometry IndexedFaceSet {
        ccw TRUE
        solid FALSE
        coord Coordinate {
            point [
1.47978483085 1.81221375653e-16 1.37795275591,
            1.47794534173 0.0737611854811 1.37795275591,
            1.47243144762 0.147338989033 1.37795275591,
            1.46325685693 0.220550484643 1.37795275591,
            1.45044437914 0.293213656998 1.37795275591,
            1.43402586808 0.365147854003 1.37795275591,
            1.41404214278 0.436174235908 1.37795275591,
            1.3905428859 0.506116219939 1.37795275591,
            1.36358652032 0.574799919302 1.37795275591,
            1.33324006379 0.642054575499 1.37795275591,
            1.2995789624 0.707712982858 1.37795275591,
            1.26268690294 0.771611904233 1.37795275591,
            1.22265560489 0.833592476837 1.37795275591,
            1.17958459237 0.893500607201 1.37795275591,
            1.13358094669 0.951187354274 1.37795275591,
            1.08475904016 1.00650929971 1.37795275591,
            1.03324025175 1.05932890444 1.37795275591,
            0.979152665265 1.10951485061 1.37795275591,
            0.922630750981 1.15694236804 1.37795275591,
            0.863815031279 1.20149354445 1.37795275591,
            0.802851731304 1.2430576186 1.37795275591,
            0.739892415426 1.28153125565 1.37795275591,
            0.675093610424 1.31681880408 1.37795275591,
            0.608616416338 1.34883253348 1.37795275591,
            0.540626105945 1.37749285268 1.37795275591,
            0.471291713871 1.40272850761 1.37795275591,
            0.400785616339 1.42447675845 1.37795275591,
            0.329283102616 1.44268353562 1.37795275591,
            0.256961939217 1.45730357421 1.37795275591,
            0.184001927949 1.4683005265 1.37795275591,
            0.110584458897 1.47564705234 1.37795275591,
            0.0368920594566 1.47932488709 1.37795275591,
            -0.0368920594566 1.47932488709 1.37795275591,
            -0.110584458897 1.47564705234 1.37795275591,
            -0.184001927949 1.4683005265 1.37795275591,
            -0.256961939217 1.45730357421 1.37795275591,
            -0.329283102616 1.44268353562 1.37795275591,
            -0.400785616339 1.42447675845 1.37795275591,
            -0.471291713871 1.40272850761 1.37795275591,
            -0.540626105945 1.37749285268 1.37795275591,
            -0.608616416338 1.34883253348 1.37795275591,
            -0.675093610424 1.31681880408 1.37795275591,
            -0.739892415426 1.28153125565 1.37795275591,
            -0.802851731304 1.2430576186 1.37795275591,
            -0.863815031279 1.20149354445 1.37795275591,
            -0.922630750981 1.15694236804 1.37795275591,
            -0.979152665265 1.10951485061 1.37795275591,
            -1.03324025175 1.05932890444 1.37795275591,
            -1.08475904016 1.00650929971 1.37795275591,
            -1.13358094669 0.951187354274 1.37795275591,
            -1.17958459237 0.893500607201 1.37795275591,
            -1.22265560489 0.833592476837 1.37795275591,
            -1.26268690294 0.771611904233 1.37795275591,
            -1.2995789624 0.707712982858 1.37795275591,
            -1.33324006379 0.642054575499 1.37795275591,
            -1.36358652032 0.574799919302 1.37795275591,
            -1.3905428859 0.506116219939 1.37795275591,
            -1.41404214278 0.436174235908 1.37795275591,
            -1.43402586808 0.365147854003 1.37795275591,
            -1.45044437914 0.293213656998 1.37795275591,
            -1.46325685693 0.220550484643 1.37795275591,
            -1.47243144762 0.147338989033 1.37795275591,
            -1.47794534173 0.0737611854811 1.37795275591,
            -1.47978483085 0 1.37795275591,
            -1.47794534173 -0.0737611854811 1.37795275591,
            -1.47243144762 -0.147338989033 1.37795275591,
            -1.46325685693 -0.220550484643 1.37795275591,
            -1.45044437914 -0.293213656998 1.37795275591,
            -1.43402586808 -0.365147854003 1.37795275591,
            -1.41404214278 -0.436174235908 1.37795275591,
            -1.3905428859 -0.506116219939 1.37795275591,
            -1.36358652032 -0.574799919302 1.37795275591,
            -1.33324006379 -0.642054575499 1.37795275591,
            -1.2995789624 -0.707712982858 1.37795275591,
            -1.26268690294 -0.771611904233 1.37795275591,
            -1.22265560489 -0.833592476837 1.37795275591,
            -1.17958459237 -0.893500607201 1.37795275591,
            -1.13358094669 -0.951187354274 1.37795275591,
            -1.08475904016 -1.00650929971 1.37795275591,
            -1.03324025175 -1.05932890444 1.37795275591,
            -0.979152665265 -1.10951485061 1.37795275591,
            -0.922630750981 -1.15694236804 1.37795275591,
            -0.863815031279 -1.20149354445 1.37795275591,
            -0.802851731304 -1.2430576186 1.37795275591,
            -0.739892415426 -1.28153125565 1.37795275591,
            -0.675093610424 -1.31681880408 1.37795275591,
            -0.608616416338 -1.34883253348 1.37795275591,
            -0.540626105945 -1.37749285268 1.37795275591,
            -0.471291713871 -1.40272850761 1.37795275591,
            -0.400785616339 -1.42447675845 1.37795275591,
            -0.329283102616 -1.44268353562 1.37795275591,
            -0.256961939217 -1.45730357421 1.37795275591,
            -0.184001927949 -1.4683005265 1.37795275591,
            -0.110584458897 -1.47564705234 1.37795275591,
            -0.0368920594566 -1.47932488709 1.37795275591,
            0.0368920594567 -1.47932488709 1.37795275591,
            0.110584458897 -1.47564705234 1.37795275591,
            0.184001927949 -1.4683005265 1.37795275591,
            0.256961939217 -1.45730357421 1.37795275591,
            0.329283102616 -1.44268353562 1.37795275591,
            0.400785616339 -1.42447675845 1.37795275591,
            0.471291713871 -1.40272850761 1.37795275591,
            0.540626105945 -1.37749285268 1.37795275591,
            0.608616416338 -1.34883253348 1.37795275591,
            0.675093610424 -1.31681880408 1.37795275591,
            0.739892415426 -1.28153125565 1.37795275591,
            0.802851731304 -1.2430576186 1.37795275591,
            0.863815031279 -1.20149354445 1.37795275591,
            0.922630750981 -1.15694236804 1.37795275591,
            0.979152665265 -1.10951485061 1.37795275591,
            1.03324025175 -1.05932890444 1.37795275591,
            1.08475904016 -1.00650929971 1.37795275591,
            1.13358094669 -0.951187354274 1.37795275591,
            1.17958459237 -0.893500607201 1.37795275591,
            1.22265560489 -0.833592476837 1.37795275591,
            1.26268690294 -0.771611904233 1.37795275591,
            1.2995789624 -0.707712982858 1.37795275591,
            1.33324006379 -0.642054575499 1.37795275591,
            1.36358652032 -0.574799919302 1.37795275591,
            1.3905428859 -0.506116219939 1.37795275591,
            1.41404214278 -0.436174235908 1.37795275591,
            1.43402586808 -0.365147854003 1.37795275591,
            1.45044437914 -0.293213656998 1.37795275591,
            1.46325685693 -0.220550484643 1.37795275591,
            1.47243144762 -0.147338989033 1.37795275591,
            1.47794534173 -0.0737611854811 1.37795275591,
            -0.393700787402 4.82144409113e-17 1.37795275591,
            -0.393211386307 0.0196243644333 1.37795275591,
            -0.39174439975 0.0391999396047 1.37795275591,
            -0.389303474892 0.0586780575497 1.37795275591,
            -0.385894680255 0.0780102925982 1.37795275591,
            -0.381526490641 0.0971485817678 1.37795275591,
            -0.376209766058 0.116045344256 1.37795275591,
            -0.369957724719 0.134653599735 1.37795275591,
            -0.362785910185 0.152927085148 1.37795275591,
            -0.354712152717 0.170820369731 1.37795275591,
            -0.345756524949 0.188288967961 1.37795275591,
            -0.335941291981 0.205289450149 1.37795275591,
            -0.32529085603 0.221779550419 1.37795275591,
            -0.313831695757 0.237718271782 1.37795275591,
            -0.301592300441 0.253065988066 1.37795275591,
            -0.288603099146 0.267784542429 1.37795275591,
            -0.274896385073 0.281837342228 1.37795275591,
            -0.260506235274 0.295189449987 1.37795275591,
            -0.245468425929 0.307807670263 1.37795275591,
            -0.2298203434 0.319660632172 1.37795275591,
            -0.213600891286 0.330718867382 1.37795275591,
            -0.196850393701 0.34095488338 1.37795275591,
            -0.179610495021 0.350343231816 1.37795275591,
            -0.161924056351 0.358860571776 1.37795275591,
            -0.143835048963 0.366485727813 1.37795275591,
            -0.125388444981 0.373199742585 1.37795275591,
            -0.106630105568 0.378985923996 1.37795275591,
            -0.0876066669119 0.383829886686 1.37795275591,
            -0.0683654242783 0.3877195878 1.37795275591,
            -0.0489542144281 0.390645356929 1.37795275591,
            -0.0294212966876 0.39259992015 1.37795275591,
            -0.00981523296774 0.393578418111 1.37795275591,
            0.00981523296775 0.393578418111 1.37795275591,
            0.0294212966876 0.39259992015 1.37795275591,
            0.0489542144281 0.390645356929 1.37795275591,
            0.0683654242783 0.3877195878 1.37795275591,
            0.0876066669119 0.383829886686 1.37795275591,
            0.106630105568 0.378985923996 1.37795275591,
            0.125388444981 0.373199742585 1.37795275591,
            0.143835048963 0.366485727813 1.37795275591,
            0.161924056351 0.358860571776 1.37795275591,
            0.179610495021 0.350343231816 1.37795275591,
            0.196850393701 0.34095488338 1.37795275591,
            0.213600891286 0.330718867382 1.37795275591,
            0.2298203434 0.319660632172 1.37795275591,
            0.245468425929 0.307807670263 1.37795275591,
            0.260506235274 0.295189449987 1.37795275591,
            0.274896385073 0.281837342228 1.37795275591,
            0.288603099146 0.267784542429 1.37795275591,
            0.301592300441 0.253065988066 1.37795275591,
            0.313831695757 0.237718271782 1.37795275591,
            0.32529085603 0.221779550419 1.37795275591,
            0.335941291981 0.205289450149 1.37795275591,
            0.345756524949 0.188288967961 1.37795275591,
            0.354712152717 0.170820369731 1.37795275591,
            0.362785910185 0.152927085148 1.37795275591,
            0.369957724719 0.134653599735 1.37795275591,
            0.376209766058 0.116045344256 1.37795275591,
            0.381526490641 0.0971485817678 1.37795275591,
            0.385894680255 0.0780102925982 1.37795275591,
            0.389303474892 0.0586780575497 1.37795275591,
            0.39174439975 0.0391999396046 1.37795275591,
            0.393211386307 0.0196243644333 1.37795275591,
            0.393700787402 0 1.37795275591,
            0.393211386307 -0.0196243644333 1.37795275591,
            0.39174439975 -0.0391999396047 1.37795275591,
            0.389303474892 -0.0586780575497 1.37795275591,
            0.385894680255 -0.0780102925982 1.37795275591,
            0.381526490641 -0.0971485817678 1.37795275591,
            0.376209766058 -0.116045344256 1.37795275591,
            0.369957724719 -0.134653599735 1.37795275591,
            0.362785910185 -0.152927085148 1.37795275591,
            0.354712152717 -0.170820369731 1.37795275591,
            0.345756524949 -0.188288967961 1.37795275591,
            0.335941291981 -0.205289450149 1.37795275591,
            0.32529085603 -0.221779550419 1.37795275591,
            0.313831695757 -0.237718271782 1.37795275591,
            0.301592300441 -0.253065988066 1.37795275591,
            0.288603099146 -0.267784542429 1.37795275591,
            0.274896385073 -0.281837342228 1.37795275591,
            0.260506235274 -0.295189449987 1.37795275591,
            0.245468425929 -0.307807670263 1.37795275591,
            0.2298203434 -0.319660632172 1.37795275591,
            0.213600891286 -0.330718867382 1.37795275591,
            0.196850393701 -0.34095488338 1.37795275591,
            0.179610495021 -0.350343231816 1.37795275591,
            0.161924056351 -0.358860571776 1.37795275591,
            0.143835048963 -0.366485727813 1.37795275591,
            0.125388444981 -0.373199742585 1.37795275591,
            0.106630105568 -0.378985923996 1.37795275591,
            0.0876066669119 -0.383829886686 1.37795275591,
            0.0683654242783 -0.3877195878 1.37795275591,
            0.0489542144281 -0.390645356929 1.37795275591,
            0.0294212966876 -0.39259992015 1.37795275591,
            0.00981523296775 -0.393578418111 1.37795275591,
            -0.00981523296774 -0.393578418111 1.37795275591,
            -0.0294212966876 -0.39259992015 1.37795275591,
            -0.0489542144281 -0.390645356929 1.37795275591,
            -0.0683654242783 -0.3877195878 1.37795275591,
            -0.0876066669119 -0.383829886686 1.37795275591,
            -0.106630105568 -0.378985923996 1.37795275591,
            -0.125388444981 -0.373199742585 1.37795275591,
            -0.143835048963 -0.366485727813 1.37795275591,
            -0.161924056351 -0.358860571776 1.37795275591,
            -0.179610495021 -0.350343231816 1.37795275591,
            -0.196850393701 -0.34095488338 1.37795275591,
            -0.213600891286 -0.330718867382 1.37795275591,
            -0.2298203434 -0.319660632172 1.37795275591,
            -0.245468425929 -0.307807670263 1.37795275591,
            -0.260506235274 -0.295189449987 1.37795275591,
            -0.274896385073 -0.281837342228 1.37795275591,
            -0.288603099146 -0.267784542429 1.37795275591,
            -0.301592300441 -0.253065988066 1.37795275591,
            -0.313831695757 -0.237718271782 1.37795275591,
            -0.32529085603 -0.221779550419 1.37795275591,
            -0.335941291981 -0.205289450149 1.37795275591,
            -0.345756524949 -0.188288967961 1.37795275591,
            -0.354712152717 -0.170820369731 1.37795275591,
            -0.362785910185 -0.152927085148 1.37795275591,
            -0.369957724719 -0.134653599735 1.37795275591,
            -0.376209766058 -0.116045344256 1.37795275591,
            -0.381526490641 -0.0971485817678 1.37795275591,
            -0.385894680255 -0.0780102925982 1.37795275591,
            -0.389303474892 -0.0586780575497 1.37795275591,
            -0.39174439975 -0.0391999396047 1.37795275591,
            -0.393211386307 -0.0196243644333 1.37795275591
            ]
        }
        normal Normal {
            vector [
0 0 -1,
            0 0 -1,
            0 0 -1,
            0 0 -1,
            0 0 -1,
            0 0 -1,
            0 0 -1,
            0 0 -1,
            0 0 -1,
            0 0 -1,
            0 0 -1,
            0 0 -1,
            0 0 -1,
            0 0 -1,
            0 0 -1,
            0 0 -1,
            0 0 -1,
            0 0 -1,
            0 0 -1,
            0 0 -1,
            0 0 -1,
            0 0 -1,
            0 0 -1,
            0 0 -1,
            0 0 -1,
            0 0 -1,
            0 0 -1,
            0 0 -1,
            0 0 -1,
            0 0 -1,
            0 0 -1,
            0 0 -1,
            0 0 -1,
            0 0 -1,
            0 0 -1,
            0 0 -1,
            0 0 -1,
            0 0 -1,
            0 0 -1,
            0 0 -1,
            0 0 -1,
            0 0 -1,
            0 0 -1,
            0 0 -1,
            0 0 -1,
            0 0 -1,
            0 0 -1,
            0 0 -1,
            0 0 -1,
            0 0 -1,
            0 0 -1,
            0 0 -1,
            0 0 -1,
            0 0 -1,
            0 0 -1,
            0 0 -1,
            0 0 -1,
            0 0 -1,
            0 0 -1,
            0 0 -1,
            0 0 -1,
            0 0 -1,
            0 0 -1,
            0 0 -1,
            0 0 -1,
            0 0 -1,
            0 0 -1,
            0 0 -1,
            0 0 -1,
            0 0 -1,
            0 0 -1,
            0 0 -1,
            0 0 -1,
            0 0 -1,
            0 0 -1,
            0 0 -1,
            0 0 -1,
            0 0 -1,
            0 0 -1,
            0 0 -1,
            0 0 -1,
            0 0 -1,
            0 0 -1,
            0 0 -1,
            0 0 -1,
            0 0 -1,
            0 0 -1,
            0 0 -1,
            0 0 -1,
            0 0 -1,
            0 0 -1,
            0 0 -1,
            0 0 -1,
            0 0 -1,
            0 0 -1,
            0 0 -1,
            0 0 -1,
            0 0 -1,
            0 0 -1,
            0 0 -1,
            0 0 -1,
            0 0 -1,
            0 0 -1,
            0 0 -1,
            0 0 -1,
            0 0 -1,
            0 0 -1,
            0 0 -1,
            0 0 -1,
            0 0 -1,
            0 0 -1,
            0 0 -1,
            0 0 -1,
            0 0 -1,
            0 0 -1,
            0 0 -1,
            0 0 -1,
            0 0 -1,
            0 0 -1,
            0 0 -1,
            0 0 -1,
            0 0 -1,
            0 0 -1,
            0 0 -1,
            0 0 -1,
            0 0 -1,
            0 0 -1,
            0 0 -1,
            0 0 -1,
            0 0 -1,
            0 0 -1,
            0 0 -1,
            0 0 -1,
            0 0 -1,
            0 0 -1,
            0 0 -1,
            0 0 -1,
            0 0 -1,
            0 0 -1,
            0 0 -1,
            0 0 -1,
            0 0 -1,
            0 0 -1,
            0 0 -1,
            0 0 -1,
            0 0 -1,
            0 0 -1,
            0 0 -1,
            0 0 -1,
            0 0 -1,
            0 0 -1,
            0 0 -1,
            0 0 -1,
            0 0 -1,
            0 0 -1,
            0 0 -1,
            0 0 -1,
            0 0 -1,
            0 0 -1,
            0 0 -1,
            0 0 -1,
            0 0 -1,
            0 0 -1,
            0 0 -1,
            0 0 -1,
            0 0 -1,
            0 0 -1,
            0 0 -1,
            0 0 -1,
            0 0 -1,
            0 0 -1,
            0 0 -1,
            0 0 -1,
            0 0 -1,
            0 0 -1,
            0 0 -1,
            0 0 -1,
            0 0 -1,
            0 0 -1,
            0 0 -1,
            0 0 -1,
            0 0 -1,
            0 0 -1,
            0 0 -1,
            0 0 -1,
            0 0 -1,
            0 0 -1,
            0 0 -1,
            0 0 -1,
            0 0 -1,
            0 0 -1,
            0 0 -1,
            0 0 -1,
            0 0 -1,
            0 0 -1,
            0 0 -1,
            0 0 -1,
            0 0 -1,
            0 0 -1,
            0 0 -1,
            0 0 -1,
            0 0 -1,
            0 0 -1,
            0 0 -1,
            0 0 -1,
            0 0 -1,
            0 0 -1,
            0 0 -1,
            0 0 -1,
            0 0 -1,
            0 0 -1,
            0 0 -1,
            0 0 -1,
            0 0 -1,
            0 0 -1,
            0 0 -1,
            0 0 -1,
            0 0 -1,
            0 0 -1,
            0 0 -1,
            0 0 -1,
            0 0 -1,
            0 0 -1,
            0 0 -1,
            0 0 -1,
            0 0 -1,
            0 0 -1,
            0 0 -1,
            0 0 -1,
            0 0 -1,
            0 0 -1,
            0 0 -1,
            0 0 -1,
            0 0 -1,
            0 0 -1,
            0 0 -1,
            0 0 -1,
            0 0 -1,
            0 0 -1,
            0 0 -1,
            0 0 -1,
            0 0 -1,
            0 0 -1,
            0 0 -1,
            0 0 -1,
            0 0 -1,
            0 0 -1,
            0 0 -1,
            0 0 -1,
            0 0 -1,
            0 0 -1,
            0 0 -1
            ]
        }
        coordIndex [
237,236,79, -1,
          237,78,77, -1,
          237,79,78, -1,
          235,79,236, -1,
          235,80,79, -1,
          238,237,77, -1,
          234,80,235, -1,
          234,81,80, -1,
          239,238,77, -1,
          239,77,76, -1,
          233,81,234, -1,
          233,82,81, -1,
          240,239,76, -1,
          240,76,75, -1,
          232,82,233, -1,
          232,83,82, -1,
          241,240,75, -1,
          241,75,74, -1,
          231,83,232, -1,
          231,84,83, -1,
          242,74,73, -1,
          242,241,74, -1,
          230,84,231, -1,
          230,85,84, -1,
          243,242,73, -1,
          243,73,72, -1,
          229,85,230, -1,
          229,86,85, -1,
          244,71,70, -1,
          244,72,71, -1,
          244,243,72, -1,
          228,86,229, -1,
          228,87,86, -1,
          245,244,70, -1,
          227,88,87, -1,
          227,87,228, -1,
          246,70,69, -1,
          246,245,70, -1,
          226,88,227, -1,
          226,89,88, -1,
          247,69,68, -1,
          247,246,69, -1,
          225,89,226, -1,
          225,90,89, -1,
          248,247,68, -1,
          248,68,67, -1,
          224,90,225, -1,
          224,91,90, -1,
          249,248,67, -1,
          249,67,66, -1,
          223,91,224, -1,
          223,92,91, -1,
          250,249,66, -1,
          250,66,65, -1,
          222,92,223, -1,
          222,93,92, -1,
          251,250,65, -1,
          251,65,64, -1,
          221,93,222, -1,
          221,94,93, -1,
          126,251,64, -1,
          126,64,63, -1,
          220,94,221, -1,
          220,95,94, -1,
          127,126,63, -1,
          127,63,62, -1,
          219,95,220, -1,
          219,96,95, -1,
          128,127,62, -1,
          128,62,61, -1,
          218,96,219, -1,
          218,97,96, -1,
          129,128,61, -1,
          129,61,60, -1,
          217,98,97, -1,
          217,97,218, -1,
          130,129,60, -1,
          130,60,59, -1,
          216,98,217, -1,
          216,99,98, -1,
          131,130,59, -1,
          131,59,58, -1,
          215,99,216, -1,
          215,100,99, -1,
          132,131,58, -1,
          132,58,57, -1,
          214,101,100, -1,
          214,100,215, -1,
          133,132,57, -1,
          133,57,56, -1,
          213,102,101, -1,
          213,101,214, -1,
          134,56,55, -1,
          134,133,56, -1,
          212,103,102, -1,
          212,102,213, -1,
          135,55,54, -1,
          135,134,55, -1,
          211,104,103, -1,
          211,103,212, -1,
          136,53,52, -1,
          136,54,53, -1,
          136,135,54, -1,
          210,105,104, -1,
          210,104,211, -1,
          137,136,52, -1,
          209,106,105, -1,
          209,105,210, -1,
          138,137,52, -1,
          138,52,51, -1,
          208,107,106, -1,
          208,106,209, -1,
          139,50,49, -1,
          139,51,50, -1,
          139,138,51, -1,
          207,108,107, -1,
          207,107,208, -1,
          140,139,49, -1,
          206,109,108, -1,
          206,108,207, -1,
          141,140,49, -1,
          141,49,48, -1,
          205,110,109, -1,
          205,109,206, -1,
          204,110,205, -1,
          47,142,141, -1,
          47,141,48, -1,
          111,204,203, -1,
          111,110,204, -1,
          46,142,47, -1,
          46,143,142, -1,
          112,111,203, -1,
          112,203,202, -1,
          45,143,46, -1,
          45,144,143, -1,
          113,202,201, -1,
          113,112,202, -1,
          44,144,45, -1,
          44,145,144, -1,
          114,113,201, -1,
          43,145,44, -1,
          43,146,145, -1,
          115,114,201, -1,
          115,201,200, -1,
          42,147,146, -1,
          42,146,43, -1,
          116,115,200, -1,
          116,200,199, -1,
          41,147,42, -1,
          41,148,147, -1,
          41,149,148, -1,
          117,116,199, -1,
          117,199,198, -1,
          40,150,149, -1,
          40,149,41, -1,
          118,117,198, -1,
          118,197,196, -1,
          118,198,197, -1,
          39,150,40, -1,
          119,118,196, -1,
          38,151,150, -1,
          38,150,39, -1,
          120,119,196, -1,
          120,196,195, -1,
          37,151,38, -1,
          37,152,151, -1,
          121,120,195, -1,
          121,194,193, -1,
          121,195,194, -1,
          36,153,152, -1,
          36,152,37, -1,
          122,121,193, -1,
          35,153,36, -1,
          35,154,153, -1,
          123,122,193, -1,
          123,192,191, -1,
          123,193,192, -1,
          34,155,154, -1,
          34,154,35, -1,
          124,123,191, -1,
          124,191,190, -1,
          33,156,155, -1,
          33,155,34, -1,
          125,124,190, -1,
          125,190,189, -1,
          32,157,156, -1,
          32,156,33, -1,
          0,125,189, -1,
          0,189,188, -1,
          31,157,32, -1,
          31,158,157, -1,
          31,159,158, -1,
          1,188,187, -1,
          1,0,188, -1,
          30,159,31, -1,
          2,1,187, -1,
          29,160,159, -1,
          29,159,30, -1,
          3,187,186, -1,
          3,2,187, -1,
          28,161,160, -1,
          28,160,29, -1,
          4,3,186, -1,
          4,185,184, -1,
          4,186,185, -1,
          27,161,28, -1,
          27,162,161, -1,
          27,163,162, -1,
          5,4,184, -1,
          26,163,27, -1,
          6,184,183, -1,
          6,5,184, -1,
          25,163,26, -1,
          25,164,163, -1,
          7,6,183, -1,
          7,183,182, -1,
          24,164,25, -1,
          24,165,164, -1,
          8,7,182, -1,
          8,181,180, -1,
          8,182,181, -1,
          23,166,165, -1,
          23,165,24, -1,
          9,8,180, -1,
          9,180,179, -1,
          22,166,23, -1,
          22,167,166, -1,
          10,9,179, -1,
          21,167,22, -1,
          21,168,167, -1,
          21,169,168, -1,
          11,10,179, -1,
          11,178,177, -1,
          11,179,178, -1,
          20,169,21, -1,
          12,11,177, -1,
          19,169,20, -1,
          19,170,169, -1,
          13,12,177, -1,
          13,176,175, -1,
          13,177,176, -1,
          18,170,19, -1,
          18,171,170, -1,
          14,13,175, -1,
          17,171,18, -1,
          17,172,171, -1,
          15,14,175, -1,
          15,174,173, -1,
          15,175,174, -1,
          16,172,17, -1,
          16,15,173, -1,
          16,173,172, -1
        ]
    }
}

Shape{
    appearance Appearance {
        material Material {
            diffuseColor 0.223529 0.223529 0.223529
            specularColor 0.113725 0.113725 0.113725
            ambientIntensity 0.2235
            transparency 0.0
            shininess 0.5
        }
    }
    geometry IndexedFaceSet {
        ccw TRUE
        solid FALSE
        coord Coordinate {
            point [
-0.0550053475039 0.843004131757 2.16535433071,
            0.0550053475039 0.843004131757 2.16535433071,
            0.0550053475039 1.008221198 2.16535433071,
            0.220222413743 1.008221198 2.16535433071,
            0.220222413743 1.118231893 2.16535433071,
            0.0550053475039 1.118231893 2.16535433071,
            0.0550053475039 1.28344895924 2.16535433071,
            -0.0550053475039 1.28344895924 2.16535433071,
            -0.0550053475039 1.118231893 2.16535433071,
            -0.220222413743 1.118231893 2.16535433071,
            -0.220222413743 1.008221198 2.16535433071,
            -0.0550053475039 1.008221198 2.16535433071
            ]
        }
        normal Normal {
            vector [
0 0 1,
            0 0 1,
            0 0 1,
            0 0 1,
            0 0 1,
            0 0 1,
            0 0 1,
            0 0 1,
            0 0 1,
            0 0 1,
            0 0 1,
            0 0 1
            ]
        }
        coordIndex [
2,0,1, -1,
          2,11,0, -1,
          8,9,10, -1,
          8,10,11, -1,
          5,8,11, -1,
          5,11,2, -1,
          4,2,3, -1,
          4,5,2, -1,
          6,7,8, -1,
          6,8,5, -1
        ]
    }
}

Shape{
    appearance Appearance {
        material Material {
            diffuseColor 0.85098 0.85098 0.85098
            specularColor 0.5 0.5 0.5
            ambientIntensity 0.2235
            transparency 0.0
            shininess 0.5
        }
    }
    geometry IndexedFaceSet {
        ccw TRUE
        solid FALSE
        coord Coordinate {
            point [
-0.11811023622 -0.787401574803 0.196850393701,
            -0.117963415892 -0.781514265473 0.196850393701,
            -0.117523319925 -0.775641592922 0.196850393701,
            -0.116791042468 -0.769798157538 0.196850393701,
            -0.115768404077 -0.763998487024 0.196850393701,
            -0.114457947192 -0.758257000273 0.196850393701,
            -0.112862929817 -0.752587971526 0.196850393701,
            -0.110987317416 -0.747005494883 0.196850393701,
            -0.108835773056 -0.741523449259 0.196850393701,
            -0.106413645815 -0.736155463884 0.196850393701,
            -0.103726957485 -0.730914884415 0.196850393701,
            -0.100782387594 -0.725814739758 0.196850393701,
            -0.097587256809 -0.720867709678 0.196850393701,
            -0.0941495087271 -0.716086093269 0.196850393701,
            -0.0904776901322 -0.711481778383 0.196850393701,
            -0.0865809297437 -0.707066212074 0.196850393701,
            -0.082468915522 -0.702850372135 0.196850393701,
            -0.0781518705823 -0.698844739807 0.196850393701,
            -0.0736405277786 -0.695059273724 0.196850393701,
            -0.0689461030199 -0.691503385152 0.196850393701,
            -0.0640802673857 -0.688185914588 0.196850393701,
            -0.0590551181102 -0.685115109789 0.196850393701,
            -0.0538831485063 -0.682298605258 0.196850393701,
            -0.0485772169052 -0.67974340327 0.196850393701,
            -0.0431505146889 -0.677455856459 0.196850393701,
            -0.0376165334943 -0.675441652028 0.196850393701,
            -0.0319890316704 -0.673705797604 0.196850393701,
            -0.0262820000736 -0.672252608797 0.196850393701,
            -0.0205096272835 -0.671085698463 0.196850393701,
            -0.0146862643284 -0.670207967724 0.196850393701,
            -0.00882638900627 -0.669621598758 0.196850393701,
            -0.00294456989032 -0.66932804937 0.196850393701,
            0.00294456989032 -0.66932804937 0.196850393701,
            0.00882638900627 -0.669621598758 0.196850393701,
            0.0146862643284 -0.670207967724 0.196850393701,
            0.0205096272835 -0.671085698463 0.196850393701,
            0.0262820000736 -0.672252608797 0.196850393701,
            0.0319890316704 -0.673705797604 0.196850393701,
            0.0376165334943 -0.675441652028 0.196850393701,
            0.0431505146889 -0.677455856459 0.196850393701,
            0.0485772169052 -0.67974340327 0.196850393701,
            0.0538831485063 -0.682298605258 0.196850393701,
            0.0590551181102 -0.685115109789 0.196850393701,
            0.0640802673857 -0.688185914588 0.196850393701,
            0.0689461030199 -0.691503385152 0.196850393701,
            0.0736405277786 -0.695059273724 0.196850393701,
            0.0781518705823 -0.698844739807 0.196850393701,
            0.082468915522 -0.702850372135 0.196850393701,
            0.0865809297437 -0.707066212074 0.196850393701,
            0.0904776901322 -0.711481778383 0.196850393701,
            0.0941495087271 -0.716086093269 0.196850393701,
            0.097587256809 -0.720867709678 0.196850393701,
            0.100782387594 -0.725814739758 0.196850393701,
            0.103726957485 -0.730914884415 0.196850393701,
            0.106413645815 -0.736155463884 0.196850393701,
            0.108835773056 -0.741523449259 0.196850393701,
            0.110987317416 -0.747005494883 0.196850393701,
            0.112862929817 -0.752587971526 0.196850393701,
            0.114457947192 -0.758257000273 0.196850393701,
            0.115768404077 -0.763998487024 0.196850393701,
            0.116791042468 -0.769798157538 0.196850393701,
            0.117523319925 -0.775641592922 0.196850393701,
            0.117963415892 -0.781514265473 0.196850393701,
            0.11811023622 -0.787401574803 0.196850393701,
            0.11811023622 -0.787401574803 -1.77165354331,
            -0.11811023622 -0.787401574803 -1.77165354331,
            -0.117963415892 -0.781514265473 -1.77165354331,
            -0.117523319925 -0.775641592922 -1.77165354331,
            -0.116791042468 -0.769798157538 -1.77165354331,
            -0.115768404077 -0.763998487024 -1.77165354331,
            -0.114457947192 -0.758257000273 -1.77165354331,
            -0.112862929817 -0.752587971526 -1.77165354331,
            -0.110987317416 -0.747005494883 -1.77165354331,
            -0.108835773056 -0.741523449259 -1.77165354331,
            -0.106413645815 -0.736155463884 -1.77165354331,
            -0.103726957485 -0.730914884415 -1.77165354331,
            -0.100782387594 -0.725814739758 -1.77165354331,
            -0.097587256809 -0.720867709678 -1.77165354331,
            -0.0941495087271 -0.716086093269 -1.77165354331,
            -0.0904776901322 -0.711481778383 -1.77165354331,
            -0.0865809297437 -0.707066212074 -1.77165354331,
            -0.082468915522 -0.702850372135 -1.77165354331,
            -0.0781518705823 -0.698844739807 -1.77165354331,
            -0.0736405277786 -0.695059273724 -1.77165354331,
            -0.0689461030199 -0.691503385152 -1.77165354331,
            -0.0640802673857 -0.688185914588 -1.77165354331,
            -0.0590551181102 -0.685115109789 -1.77165354331,
            -0.0538831485063 -0.682298605258 -1.77165354331,
            -0.0485772169052 -0.67974340327 -1.77165354331,
            -0.0431505146889 -0.677455856459 -1.77165354331,
            -0.0376165334943 -0.675441652028 -1.77165354331,
            -0.0319890316704 -0.673705797604 -1.77165354331,
            -0.0262820000736 -0.672252608797 -1.77165354331,
            -0.0205096272835 -0.671085698463 -1.77165354331,
            -0.0146862643284 -0.670207967724 -1.77165354331,
            -0.00882638900627 -0.669621598758 -1.77165354331,
            -0.00294456989032 -0.66932804937 -1.77165354331,
            0.00294456989032 -0.66932804937 -1.77165354331,
            0.00882638900627 -0.669621598758 -1.77165354331,
            0.0146862643284 -0.670207967724 -1.77165354331,
            0.0205096272835 -0.671085698463 -1.77165354331,
            0.0262820000736 -0.672252608797 -1.77165354331,
            0.0319890316704 -0.673705797604 -1.77165354331,
            0.0376165334943 -0.675441652028 -1.77165354331,
            0.0431505146889 -0.677455856459 -1.77165354331,
            0.0485772169052 -0.67974340327 -1.77165354331,
            0.0538831485063 -0.682298605258 -1.77165354331,
            0.0590551181102 -0.685115109789 -1.77165354331,
            0.0640802673857 -0.688185914588 -1.77165354331,
            0.0689461030199 -0.691503385152 -1.77165354331,
            0.0736405277786 -0.695059273724 -1.77165354331,
            0.0781518705823 -0.698844739807 -1.77165354331,
            0.082468915522 -0.702850372135 -1.77165354331,
            0.0865809297437 -0.707066212074 -1.77165354331,
            0.0904776901322 -0.711481778383 -1.77165354331,
            0.0941495087271 -0.716086093269 -1.77165354331,
            0.097587256809 -0.720867709678 -1.77165354331,
            0.100782387594 -0.725814739758 -1.77165354331,
            0.103726957485 -0.730914884415 -1.77165354331,
            0.106413645815 -0.736155463884 -1.77165354331,
            0.108835773056 -0.741523449259 -1.77165354331,
            0.110987317416 -0.747005494883 -1.77165354331,
            0.112862929817 -0.752587971526 -1.77165354331,
            0.114457947192 -0.758257000273 -1.77165354331,
            0.115768404077 -0.763998487024 -1.77165354331,
            0.116791042468 -0.769798157538 -1.77165354331,
            0.117523319925 -0.775641592922 -1.77165354331,
            0.117963415892 -0.781514265473 -1.77165354331
            ]
        }
        normal Normal {
            vector [
-1 0 0,
            -0.998756921219 0.0498458856607 0,
            -0.995030775365 0.0995678465958 0,
            -0.988830826225 0.149042266176 0,
            -0.980172487849 0.198146143199 0,
            -0.969077286229 0.24675739769 0,
            -0.955572805786 0.294755174411 0,
            -0.939692620786 0.342020143326 0,
            -0.92147621187 0.388434796275 0,
            -0.900968867902 0.433883739118 0,
            -0.87822157337 0.478253978621 0,
            -0.853290881632 0.521435203379 0,
            -0.826238774316 0.563320058064 0,
            -0.797132507223 0.603804410325 0,
            -0.766044443119 0.642787609687 0,
            -0.73305187183 0.680172737771 0,
            -0.698236818086 0.71586684926 0,
            -0.661685837597 0.749781202968 0,
            -0.623489801859 0.781831482468 0,
            -0.583743672235 0.811938005716 0,
            -0.542546263866 0.840025923151 0,
            -0.5 0.866025403784 0,
            -0.456210657353 0.889871808811 0,
            -0.411287103131 0.911505852312 0,
            -0.365341024366 0.930873748644 0,
            -0.318486650252 0.947927346167 0,
            -0.270840468143 0.96262424695 0,
            -0.222520933956 0.974927912182 0,
            -0.173648177667 0.984807753012 0,
            -0.124343704647 0.9922392066 0,
            -0.0747300935864 0.997203797181 0,
            -0.0249306917381 0.999689182001 0,
            0.0249306917381 0.999689182001 0,
            0.0747300935864 0.997203797181 0,
            0.124343704647 0.9922392066 0,
            0.173648177667 0.984807753012 0,
            0.222520933956 0.974927912182 0,
            0.270840468143 0.96262424695 0,
            0.318486650252 0.947927346167 0,
            0.365341024366 0.930873748644 0,
            0.411287103131 0.911505852312 0,
            0.456210657353 0.889871808811 0,
            0.5 0.866025403784 0,
            0.542546263866 0.840025923151 0,
            0.583743672235 0.811938005716 0,
            0.623489801859 0.781831482468 0,
            0.661685837597 0.749781202968 0,
            0.698236818086 0.71586684926 0,
            0.73305187183 0.680172737771 0,
            0.766044443119 0.642787609687 0,
            0.797132507223 0.603804410325 0,
            0.826238774316 0.563320058064 0,
            0.853290881632 0.521435203379 0,
            0.87822157337 0.478253978621 0,
            0.900968867902 0.433883739118 0,
            0.92147621187 0.388434796275 0,
            0.939692620786 0.342020143326 0,
            0.955572805786 0.294755174411 0,
            0.969077286229 0.24675739769 0,
            0.980172487849 0.198146143199 0,
            0.988830826225 0.149042266176 0,
            0.995030775365 0.0995678465958 0,
            0.998756921219 0.0498458856607 0,
            1 0 0,
            1 0 0,
            -1 0 0,
            -0.998756921219 0.0498458856607 0,
            -0.995030775365 0.0995678465958 0,
            -0.988830826225 0.149042266176 0,
            -0.980172487849 0.198146143199 0,
            -0.969077286229 0.24675739769 0,
            -0.955572805786 0.294755174411 0,
            -0.939692620786 0.342020143326 0,
            -0.92147621187 0.388434796275 0,
            -0.900968867902 0.433883739118 0,
            -0.87822157337 0.478253978621 0,
            -0.853290881632 0.521435203379 0,
            -0.826238774316 0.563320058064 0,
            -0.797132507223 0.603804410325 0,
            -0.766044443119 0.642787609687 0,
            -0.73305187183 0.680172737771 0,
            -0.698236818086 0.71586684926 0,
            -0.661685837597 0.749781202968 0,
            -0.623489801859 0.781831482468 0,
            -0.583743672235 0.811938005716 0,
            -0.542546263866 0.840025923151 0,
            -0.5 0.866025403784 0,
            -0.456210657353 0.889871808811 0,
            -0.411287103131 0.911505852312 0,
            -0.365341024366 0.930873748644 0,
            -0.318486650252 0.947927346167 0,
            -0.270840468143 0.96262424695 0,
            -0.222520933956 0.974927912182 0,
            -0.173648177667 0.984807753012 0,
            -0.124343704647 0.9922392066 0,
            -0.0747300935864 0.997203797181 0,
            -0.0249306917381 0.999689182001 0,
            0.0249306917381 0.999689182001 0,
            0.0747300935864 0.997203797181 0,
            0.124343704647 0.9922392066 0,
            0.173648177667 0.984807753012 0,
            0.222520933956 0.974927912182 0,
            0.270840468143 0.96262424695 0,
            0.318486650252 0.947927346167 0,
            0.365341024366 0.930873748644 0,
            0.411287103131 0.911505852312 0,
            0.456210657353 0.889871808811 0,
            0.5 0.866025403784 0,
            0.542546263866 0.840025923151 0,
            0.583743672235 0.811938005716 0,
            0.623489801859 0.781831482468 0,
            0.661685837597 0.749781202968 0,
            0.698236818086 0.71586684926 0,
            0.73305187183 0.680172737771 0,
            0.766044443119 0.642787609687 0,
            0.797132507223 0.603804410325 0,
            0.826238774316 0.563320058064 0,
            0.853290881632 0.521435203379 0,
            0.87822157337 0.478253978621 0,
            0.900968867902 0.433883739118 0,
            0.92147621187 0.388434796275 0,
            0.939692620786 0.342020143326 0,
            0.955572805786 0.294755174411 0,
            0.969077286229 0.24675739769 0,
            0.980172487849 0.198146143199 0,
            0.988830826225 0.149042266176 0,
            0.995030775365 0.0995678465958 0,
            0.998756921219 0.0498458856607 0
            ]
        }
        coordIndex [
66,0,1, -1,
          66,65,0, -1,
          67,1,2, -1,
          67,2,3, -1,
          67,66,1, -1,
          68,67,3, -1,
          69,3,4, -1,
          69,4,5, -1,
          69,68,3, -1,
          70,69,5, -1,
          71,5,6, -1,
          71,70,5, -1,
          72,6,7, -1,
          72,7,8, -1,
          72,71,6, -1,
          73,72,8, -1,
          74,8,9, -1,
          74,73,8, -1,
          75,9,10, -1,
          75,74,9, -1,
          76,10,11, -1,
          76,11,12, -1,
          76,75,10, -1,
          77,76,12, -1,
          78,12,13, -1,
          78,77,12, -1,
          79,13,14, -1,
          79,78,13, -1,
          80,14,15, -1,
          80,15,16, -1,
          80,79,14, -1,
          81,80,16, -1,
          82,81,16, -1,
          82,16,17, -1,
          83,17,18, -1,
          83,18,19, -1,
          83,82,17, -1,
          84,83,19, -1,
          85,84,19, -1,
          85,19,20, -1,
          86,85,20, -1,
          86,20,21, -1,
          87,86,21, -1,
          87,21,22, -1,
          88,87,22, -1,
          88,22,23, -1,
          89,23,24, -1,
          89,88,23, -1,
          90,24,25, -1,
          90,89,24, -1,
          91,25,26, -1,
          91,90,25, -1,
          92,26,27, -1,
          92,91,26, -1,
          93,27,28, -1,
          93,28,29, -1,
          93,92,27, -1,
          94,93,29, -1,
          95,29,30, -1,
          95,94,29, -1,
          96,30,31, -1,
          96,95,30, -1,
          97,31,32, -1,
          97,96,31, -1,
          98,32,33, -1,
          98,97,32, -1,
          99,33,34, -1,
          99,98,33, -1,
          100,34,35, -1,
          100,99,34, -1,
          101,35,36, -1,
          101,100,35, -1,
          102,36,37, -1,
          102,37,38, -1,
          102,101,36, -1,
          103,38,39, -1,
          103,102,38, -1,
          104,103,39, -1,
          105,39,40, -1,
          105,104,39, -1,
          106,40,41, -1,
          106,105,40, -1,
          107,41,42, -1,
          107,106,41, -1,
          108,107,42, -1,
          108,42,43, -1,
          109,108,43, -1,
          109,43,44, -1,
          110,109,44, -1,
          110,44,45, -1,
          111,110,45, -1,
          111,45,46, -1,
          111,46,47, -1,
          112,111,47, -1,
          113,112,47, -1,
          113,47,48, -1,
          114,113,48, -1,
          114,48,49, -1,
          115,114,49, -1,
          115,49,50, -1,
          115,50,51, -1,
          116,115,51, -1,
          117,116,51, -1,
          117,51,52, -1,
          117,52,53, -1,
          118,117,53, -1,
          119,118,53, -1,
          119,53,54, -1,
          119,54,55, -1,
          120,119,55, -1,
          121,55,56, -1,
          121,120,55, -1,
          122,56,57, -1,
          122,57,58, -1,
          122,121,56, -1,
          123,122,58, -1,
          124,58,59, -1,
          124,123,58, -1,
          125,59,60, -1,
          125,124,59, -1,
          126,60,61, -1,
          126,125,60, -1,
          127,61,62, -1,
          127,126,61, -1,
          64,62,63, -1,
          64,127,62, -1
        ]
    }
}

Shape{
    appearance Appearance {
        material Material {
            diffuseColor 0.85098 0.85098 0.85098
            specularColor 0.5 0.5 0.5
            ambientIntensity 0.2235
            transparency 0.0
            shininess 0.5
        }
    }
    geometry IndexedFaceSet {
        ccw TRUE
        solid FALSE
        coord Coordinate {
            point [
0.11811023622 -0.787401574803 0.196850393701,
            0.11811023622 -0.787401574803 -1.77165354331,
            0.117963415892 -0.793288884133 0.196850393701,
            0.117523319925 -0.799161556685 0.196850393701,
            0.116791042468 -0.805004992068 0.196850393701,
            0.115768404077 -0.810804662583 0.196850393701,
            0.114457947192 -0.816546149333 0.196850393701,
            0.112862929817 -0.82221517808 0.196850393701,
            0.110987317416 -0.827797654724 0.196850393701,
            0.108835773056 -0.833279700347 0.196850393701,
            0.106413645815 -0.838647685723 0.196850393701,
            0.103726957485 -0.843888265191 0.196850393701,
            0.100782387594 -0.848988409848 0.196850393701,
            0.097587256809 -0.853935439929 0.196850393701,
            0.0941495087271 -0.858717056338 0.196850393701,
            0.0904776901322 -0.863321371223 0.196850393701,
            0.0865809297437 -0.867736937532 0.196850393701,
            0.082468915522 -0.871952777472 0.196850393701,
            0.0781518705823 -0.875958409799 0.196850393701,
            0.0736405277786 -0.879743875882 0.196850393701,
            0.0689461030199 -0.883299764455 0.196850393701,
            0.0640802673857 -0.886617235018 0.196850393701,
            0.0590551181102 -0.889688039817 0.196850393701,
            0.0538831485063 -0.892504544348 0.196850393701,
            0.0485772169052 -0.895059746336 0.196850393701,
            0.0431505146889 -0.897347293147 0.196850393701,
            0.0376165334943 -0.899361497579 0.196850393701,
            0.0319890316704 -0.901097352002 0.196850393701,
            0.0262820000736 -0.902550540809 0.196850393701,
            0.0205096272835 -0.903717451143 0.196850393701,
            0.0146862643284 -0.904595181882 0.196850393701,
            0.00882638900627 -0.905181550848 0.196850393701,
            0.00294456989032 -0.905475100236 0.196850393701,
            -0.00294456989032 -0.905475100236 0.196850393701,
            -0.00882638900627 -0.905181550848 0.196850393701,
            -0.0146862643284 -0.904595181882 0.196850393701,
            -0.0205096272835 -0.903717451143 0.196850393701,
            -0.0262820000736 -0.902550540809 0.196850393701,
            -0.0319890316704 -0.901097352002 0.196850393701,
            -0.0376165334943 -0.899361497579 0.196850393701,
            -0.0431505146889 -0.897347293147 0.196850393701,
            -0.0485772169052 -0.895059746336 0.196850393701,
            -0.0538831485063 -0.892504544348 0.196850393701,
            -0.0590551181102 -0.889688039817 0.196850393701,
            -0.0640802673857 -0.886617235018 0.196850393701,
            -0.0689461030199 -0.883299764455 0.196850393701,
            -0.0736405277786 -0.879743875882 0.196850393701,
            -0.0781518705823 -0.875958409799 0.196850393701,
            -0.082468915522 -0.871952777472 0.196850393701,
            -0.0865809297437 -0.867736937532 0.196850393701,
            -0.0904776901322 -0.863321371223 0.196850393701,
            -0.0941495087271 -0.858717056338 0.196850393701,
            -0.097587256809 -0.853935439929 0.196850393701,
            -0.100782387594 -0.848988409848 0.196850393701,
            -0.103726957485 -0.843888265191 0.196850393701,
            -0.106413645815 -0.838647685723 0.196850393701,
            -0.108835773056 -0.833279700347 0.196850393701,
            -0.110987317416 -0.827797654724 0.196850393701,
            -0.112862929817 -0.82221517808 0.196850393701,
            -0.114457947192 -0.816546149333 0.196850393701,
            -0.115768404077 -0.810804662583 0.196850393701,
            -0.116791042468 -0.805004992068 0.196850393701,
            -0.117523319925 -0.799161556685 0.196850393701,
            -0.117963415892 -0.793288884133 0.196850393701,
            -0.11811023622 -0.787401574803 0.196850393701,
            -0.11811023622 -0.787401574803 -1.77165354331,
            0.117963415892 -0.793288884133 -1.77165354331,
            0.117523319925 -0.799161556685 -1.77165354331,
            0.116791042468 -0.805004992068 -1.77165354331,
            0.115768404077 -0.810804662583 -1.77165354331,
            0.114457947192 -0.816546149333 -1.77165354331,
            0.112862929817 -0.82221517808 -1.77165354331,
            0.110987317416 -0.827797654724 -1.77165354331,
            0.108835773056 -0.833279700347 -1.77165354331,
            0.106413645815 -0.838647685723 -1.77165354331,
            0.103726957485 -0.843888265191 -1.77165354331,
            0.100782387594 -0.848988409848 -1.77165354331,
            0.097587256809 -0.853935439929 -1.77165354331,
            0.0941495087271 -0.858717056338 -1.77165354331,
            0.0904776901322 -0.863321371223 -1.77165354331,
            0.0865809297437 -0.867736937532 -1.77165354331,
            0.082468915522 -0.871952777472 -1.77165354331,
            0.0781518705823 -0.875958409799 -1.77165354331,
            0.0736405277786 -0.879743875882 -1.77165354331,
            0.0689461030199 -0.883299764455 -1.77165354331,
            0.0640802673857 -0.886617235018 -1.77165354331,
            0.0590551181102 -0.889688039817 -1.77165354331,
            0.0538831485063 -0.892504544348 -1.77165354331,
            0.0485772169052 -0.895059746336 -1.77165354331,
            0.0431505146889 -0.897347293147 -1.77165354331,
            0.0376165334943 -0.899361497579 -1.77165354331,
            0.0319890316704 -0.901097352002 -1.77165354331,
            0.0262820000736 -0.902550540809 -1.77165354331,
            0.0205096272835 -0.903717451143 -1.77165354331,
            0.0146862643284 -0.904595181882 -1.77165354331,
            0.00882638900627 -0.905181550848 -1.77165354331,
            0.00294456989032 -0.905475100236 -1.77165354331,
            -0.00294456989032 -0.905475100236 -1.77165354331,
            -0.00882638900627 -0.905181550848 -1.77165354331,
            -0.0146862643284 -0.904595181882 -1.77165354331,
            -0.0205096272835 -0.903717451143 -1.77165354331,
            -0.0262820000736 -0.902550540809 -1.77165354331,
            -0.0319890316704 -0.901097352002 -1.77165354331,
            -0.0376165334943 -0.899361497579 -1.77165354331,
            -0.0431505146889 -0.897347293147 -1.77165354331,
            -0.0485772169052 -0.895059746336 -1.77165354331,
            -0.0538831485063 -0.892504544348 -1.77165354331,
            -0.0590551181102 -0.889688039817 -1.77165354331,
            -0.0640802673857 -0.886617235018 -1.77165354331,
            -0.0689461030199 -0.883299764455 -1.77165354331,
            -0.0736405277786 -0.879743875882 -1.77165354331,
            -0.0781518705823 -0.875958409799 -1.77165354331,
            -0.082468915522 -0.871952777472 -1.77165354331,
            -0.0865809297437 -0.867736937532 -1.77165354331,
            -0.0904776901322 -0.863321371223 -1.77165354331,
            -0.0941495087271 -0.858717056338 -1.77165354331,
            -0.097587256809 -0.853935439929 -1.77165354331,
            -0.100782387594 -0.848988409848 -1.77165354331,
            -0.103726957485 -0.843888265191 -1.77165354331,
            -0.106413645815 -0.838647685723 -1.77165354331,
            -0.108835773056 -0.833279700347 -1.77165354331,
            -0.110987317416 -0.827797654724 -1.77165354331,
            -0.112862929817 -0.82221517808 -1.77165354331,
            -0.114457947192 -0.816546149333 -1.77165354331,
            -0.115768404077 -0.810804662583 -1.77165354331,
            -0.116791042468 -0.805004992068 -1.77165354331,
            -0.117523319925 -0.799161556685 -1.77165354331,
            -0.117963415892 -0.793288884133 -1.77165354331
            ]
        }
        normal Normal {
            vector [
1 0 0,
            1 0 0,
            0.998756921219 -0.0498458856607 0,
            0.995030775365 -0.0995678465958 0,
            0.988830826225 -0.149042266176 0,
            0.980172487849 -0.198146143199 0,
            0.969077286229 -0.24675739769 0,
            0.955572805786 -0.294755174411 0,
            0.939692620786 -0.342020143326 0,
            0.92147621187 -0.388434796275 0,
            0.900968867902 -0.433883739118 0,
            0.87822157337 -0.478253978621 0,
            0.853290881632 -0.521435203379 0,
            0.826238774316 -0.563320058064 0,
            0.797132507223 -0.603804410325 0,
            0.766044443119 -0.642787609687 0,
            0.73305187183 -0.680172737771 0,
            0.698236818086 -0.71586684926 0,
            0.661685837597 -0.749781202968 0,
            0.623489801859 -0.781831482468 0,
            0.583743672235 -0.811938005716 0,
            0.542546263866 -0.840025923151 0,
            0.5 -0.866025403784 0,
            0.456210657353 -0.889871808811 0,
            0.411287103131 -0.911505852312 0,
            0.365341024366 -0.930873748644 0,
            0.318486650252 -0.947927346167 0,
            0.270840468143 -0.96262424695 0,
            0.222520933956 -0.974927912182 0,
            0.173648177667 -0.984807753012 0,
            0.124343704647 -0.9922392066 0,
            0.0747300935864 -0.997203797181 0,
            0.0249306917381 -0.999689182001 0,
            -0.0249306917381 -0.999689182001 0,
            -0.0747300935864 -0.997203797181 0,
            -0.124343704647 -0.9922392066 0,
            -0.173648177667 -0.984807753012 0,
            -0.222520933956 -0.974927912182 0,
            -0.270840468143 -0.96262424695 0,
            -0.318486650252 -0.947927346167 0,
            -0.365341024366 -0.930873748644 0,
            -0.411287103131 -0.911505852312 0,
            -0.456210657353 -0.889871808811 0,
            -0.5 -0.866025403784 0,
            -0.542546263866 -0.840025923151 0,
            -0.583743672235 -0.811938005716 0,
            -0.623489801859 -0.781831482468 0,
            -0.661685837597 -0.749781202968 0,
            -0.698236818086 -0.71586684926 0,
            -0.73305187183 -0.680172737771 0,
            -0.766044443119 -0.642787609687 0,
            -0.797132507223 -0.603804410325 0,
            -0.826238774316 -0.563320058064 0,
            -0.853290881632 -0.521435203379 0,
            -0.87822157337 -0.478253978621 0,
            -0.900968867902 -0.433883739118 0,
            -0.92147621187 -0.388434796275 0,
            -0.939692620786 -0.342020143326 0,
            -0.955572805786 -0.294755174411 0,
            -0.969077286229 -0.24675739769 0,
            -0.980172487849 -0.198146143199 0,
            -0.988830826225 -0.149042266176 0,
            -0.995030775365 -0.0995678465958 0,
            -0.998756921219 -0.0498458856607 0,
            -1 0 0,
            -1 0 0,
            0.998756921219 -0.0498458856607 0,
            0.995030775365 -0.0995678465958 0,
            0.988830826225 -0.149042266176 0,
            0.980172487849 -0.198146143199 0,
            0.969077286229 -0.24675739769 0,
            0.955572805786 -0.294755174411 0,
            0.939692620786 -0.342020143326 0,
            0.92147621187 -0.388434796275 0,
            0.900968867902 -0.433883739118 0,
            0.87822157337 -0.478253978621 0,
            0.853290881632 -0.521435203379 0,
            0.826238774316 -0.563320058064 0,
            0.797132507223 -0.603804410325 0,
            0.766044443119 -0.642787609687 0,
            0.73305187183 -0.680172737771 0,
            0.698236818086 -0.71586684926 0,
            0.661685837597 -0.749781202968 0,
            0.623489801859 -0.781831482468 0,
            0.583743672235 -0.811938005716 0,
            0.542546263866 -0.840025923151 0,
            0.5 -0.866025403784 0,
            0.456210657353 -0.889871808811 0,
            0.411287103131 -0.911505852312 0,
            0.365341024366 -0.930873748644 0,
            0.318486650252 -0.947927346167 0,
            0.270840468143 -0.96262424695 0,
            0.222520933956 -0.974927912182 0,
            0.173648177667 -0.984807753012 0,
            0.124343704647 -0.9922392066 0,
            0.0747300935864 -0.997203797181 0,
            0.0249306917381 -0.999689182001 0,
            -0.0249306917381 -0.999689182001 0,
            -0.0747300935864 -0.997203797181 0,
            -0.124343704647 -0.9922392066 0,
            -0.173648177667 -0.984807753012 0,
            -0.222520933956 -0.974927912182 0,
            -0.270840468143 -0.96262424695 0,
            -0.318486650252 -0.947927346167 0,
            -0.365341024366 -0.930873748644 0,
            -0.411287103131 -0.911505852312 0,
            -0.456210657353 -0.889871808811 0,
            -0.5 -0.866025403784 0,
            -0.542546263866 -0.840025923151 0,
            -0.583743672235 -0.811938005716 0,
            -0.623489801859 -0.781831482468 0,
            -0.661685837597 -0.749781202968 0,
            -0.698236818086 -0.71586684926 0,
            -0.73305187183 -0.680172737771 0,
            -0.766044443119 -0.642787609687 0,
            -0.797132507223 -0.603804410325 0,
            -0.826238774316 -0.563320058064 0,
            -0.853290881632 -0.521435203379 0,
            -0.87822157337 -0.478253978621 0,
            -0.900968867902 -0.433883739118 0,
            -0.92147621187 -0.388434796275 0,
            -0.939692620786 -0.342020143326 0,
            -0.955572805786 -0.294755174411 0,
            -0.969077286229 -0.24675739769 0,
            -0.980172487849 -0.198146143199 0,
            -0.988830826225 -0.149042266176 0,
            -0.995030775365 -0.0995678465958 0,
            -0.998756921219 -0.0498458856607 0
            ]
        }
        coordIndex [
66,1,0, -1,
          66,0,2, -1,
          67,2,3, -1,
          67,66,2, -1,
          68,3,4, -1,
          68,4,5, -1,
          68,67,3, -1,
          69,5,6, -1,
          69,68,5, -1,
          70,69,6, -1,
          71,6,7, -1,
          71,7,8, -1,
          71,70,6, -1,
          72,71,8, -1,
          73,8,9, -1,
          73,9,10, -1,
          73,72,8, -1,
          74,73,10, -1,
          75,10,11, -1,
          75,11,12, -1,
          75,74,10, -1,
          76,75,12, -1,
          77,12,13, -1,
          77,13,14, -1,
          77,76,12, -1,
          78,77,14, -1,
          79,14,15, -1,
          79,78,14, -1,
          80,15,16, -1,
          80,79,15, -1,
          81,16,17, -1,
          81,80,16, -1,
          82,17,18, -1,
          82,18,19, -1,
          82,81,17, -1,
          83,82,19, -1,
          84,83,19, -1,
          84,19,20, -1,
          84,20,21, -1,
          85,84,21, -1,
          86,85,21, -1,
          86,21,22, -1,
          87,86,22, -1,
          87,22,23, -1,
          88,23,24, -1,
          88,87,23, -1,
          89,24,25, -1,
          89,88,24, -1,
          90,25,26, -1,
          90,89,25, -1,
          91,26,27, -1,
          91,27,28, -1,
          91,90,26, -1,
          92,91,28, -1,
          93,28,29, -1,
          93,92,28, -1,
          94,29,30, -1,
          94,93,29, -1,
          95,30,31, -1,
          95,94,30, -1,
          96,31,32, -1,
          96,95,31, -1,
          97,32,33, -1,
          97,96,32, -1,
          98,33,34, -1,
          98,97,33, -1,
          99,34,35, -1,
          99,98,34, -1,
          100,35,36, -1,
          100,99,35, -1,
          101,36,37, -1,
          101,100,36, -1,
          102,37,38, -1,
          102,38,39, -1,
          102,101,37, -1,
          103,39,40, -1,
          103,102,39, -1,
          104,103,40, -1,
          105,40,41, -1,
          105,104,40, -1,
          106,41,42, -1,
          106,105,41, -1,
          107,42,43, -1,
          107,106,42, -1,
          108,107,43, -1,
          108,43,44, -1,
          109,108,44, -1,
          109,44,45, -1,
          110,109,45, -1,
          110,45,46, -1,
          111,110,46, -1,
          111,46,47, -1,
          112,111,47, -1,
          112,47,48, -1,
          113,112,48, -1,
          113,48,49, -1,
          113,49,50, -1,
          114,113,50, -1,
          114,50,51, -1,
          115,114,51, -1,
          116,115,51, -1,
          116,51,52, -1,
          117,116,52, -1,
          117,52,53, -1,
          118,117,53, -1,
          118,53,54, -1,
          118,54,55, -1,
          119,118,55, -1,
          119,55,56, -1,
          120,119,56, -1,
          121,120,56, -1,
          121,56,57, -1,
          121,57,58, -1,
          122,121,58, -1,
          123,122,58, -1,
          123,58,59, -1,
          123,59,60, -1,
          124,123,60, -1,
          125,60,61, -1,
          125,61,62, -1,
          125,124,60, -1,
          126,125,62, -1,
          127,62,63, -1,
          127,126,62, -1,
          65,63,64, -1,
          65,127,63, -1
        ]
    }
}

Shape{
    appearance Appearance {
        material Material {
            diffuseColor 0.85098 0.85098 0.85098
            specularColor 0.5 0.5 0.5
            ambientIntensity 0.2235
            transparency 0.0
            shininess 0.5
        }
    }
    geometry IndexedFaceSet {
        ccw TRUE
        solid FALSE
        coord Coordinate {
            point [
-0.11811023622 0.787401574803 0.196850393701,
            -0.117963415892 0.793288884133 0.196850393701,
            -0.117523319925 0.799161556685 0.196850393701,
            -0.116791042468 0.805004992068 0.196850393701,
            -0.115768404077 0.810804662583 0.196850393701,
            -0.114457947192 0.816546149333 0.196850393701,
            -0.112862929817 0.82221517808 0.196850393701,
            -0.110987317416 0.827797654724 0.196850393701,
            -0.108835773056 0.833279700347 0.196850393701,
            -0.106413645815 0.838647685723 0.196850393701,
            -0.103726957485 0.843888265191 0.196850393701,
            -0.100782387594 0.848988409848 0.196850393701,
            -0.097587256809 0.853935439929 0.196850393701,
            -0.0941495087271 0.858717056338 0.196850393701,
            -0.0904776901322 0.863321371223 0.196850393701,
            -0.0865809297437 0.867736937532 0.196850393701,
            -0.082468915522 0.871952777472 0.196850393701,
            -0.0781518705823 0.875958409799 0.196850393701,
            -0.0736405277786 0.879743875882 0.196850393701,
            -0.0689461030199 0.883299764455 0.196850393701,
            -0.0640802673857 0.886617235018 0.196850393701,
            -0.0590551181102 0.889688039817 0.196850393701,
            -0.0538831485063 0.892504544348 0.196850393701,
            -0.0485772169052 0.895059746336 0.196850393701,
            -0.0431505146889 0.897347293147 0.196850393701,
            -0.0376165334943 0.899361497579 0.196850393701,
            -0.0319890316704 0.901097352002 0.196850393701,
            -0.0262820000736 0.902550540809 0.196850393701,
            -0.0205096272835 0.903717451143 0.196850393701,
            -0.0146862643284 0.904595181882 0.196850393701,
            -0.00882638900627 0.905181550848 0.196850393701,
            -0.00294456989032 0.905475100236 0.196850393701,
            0.00294456989032 0.905475100236 0.196850393701,
            0.00882638900627 0.905181550848 0.196850393701,
            0.0146862643284 0.904595181882 0.196850393701,
            0.0205096272835 0.903717451143 0.196850393701,
            0.0262820000736 0.902550540809 0.196850393701,
            0.0319890316704 0.901097352002 0.196850393701,
            0.0376165334943 0.899361497579 0.196850393701,
            0.0431505146889 0.897347293147 0.196850393701,
            0.0485772169052 0.895059746336 0.196850393701,
            0.0538831485063 0.892504544348 0.196850393701,
            0.0590551181102 0.889688039817 0.196850393701,
            0.0640802673857 0.886617235018 0.196850393701,
            0.0689461030199 0.883299764455 0.196850393701,
            0.0736405277786 0.879743875882 0.196850393701,
            0.0781518705823 0.875958409799 0.196850393701,
            0.082468915522 0.871952777472 0.196850393701,
            0.0865809297437 0.867736937532 0.196850393701,
            0.0904776901322 0.863321371223 0.196850393701,
            0.0941495087271 0.858717056338 0.196850393701,
            0.097587256809 0.853935439929 0.196850393701,
            0.100782387594 0.848988409848 0.196850393701,
            0.103726957485 0.843888265191 0.196850393701,
            0.106413645815 0.838647685723 0.196850393701,
            0.108835773056 0.833279700347 0.196850393701,
            0.110987317416 0.827797654724 0.196850393701,
            0.112862929817 0.82221517808 0.196850393701,
            0.114457947192 0.816546149333 0.196850393701,
            0.115768404077 0.810804662583 0.196850393701,
            0.116791042468 0.805004992068 0.196850393701,
            0.117523319925 0.799161556685 0.196850393701,
            0.117963415892 0.793288884133 0.196850393701,
            0.11811023622 0.787401574803 0.196850393701,
            0.11811023622 0.787401574803 -1.77165354331,
            -0.11811023622 0.787401574803 -1.77165354331,
            -0.117963415892 0.793288884133 -1.77165354331,
            -0.117523319925 0.799161556685 -1.77165354331,
            -0.116791042468 0.805004992068 -1.77165354331,
            -0.115768404077 0.810804662583 -1.77165354331,
            -0.114457947192 0.816546149333 -1.77165354331,
            -0.112862929817 0.82221517808 -1.77165354331,
            -0.110987317416 0.827797654724 -1.77165354331,
            -0.108835773056 0.833279700347 -1.77165354331,
            -0.106413645815 0.838647685723 -1.77165354331,
            -0.103726957485 0.843888265191 -1.77165354331,
            -0.100782387594 0.848988409848 -1.77165354331,
            -0.097587256809 0.853935439929 -1.77165354331,
            -0.0941495087271 0.858717056338 -1.77165354331,
            -0.0904776901322 0.863321371223 -1.77165354331,
            -0.0865809297437 0.867736937532 -1.77165354331,
            -0.082468915522 0.871952777472 -1.77165354331,
            -0.0781518705823 0.875958409799 -1.77165354331,
            -0.0736405277786 0.879743875882 -1.77165354331,
            -0.0689461030199 0.883299764455 -1.77165354331,
            -0.0640802673857 0.886617235018 -1.77165354331,
            -0.0590551181102 0.889688039817 -1.77165354331,
            -0.0538831485063 0.892504544348 -1.77165354331,
            -0.0485772169052 0.895059746336 -1.77165354331,
            -0.0431505146889 0.897347293147 -1.77165354331,
            -0.0376165334943 0.899361497579 -1.77165354331,
            -0.0319890316704 0.901097352002 -1.77165354331,
            -0.0262820000736 0.902550540809 -1.77165354331,
            -0.0205096272835 0.903717451143 -1.77165354331,
            -0.0146862643284 0.904595181882 -1.77165354331,
            -0.00882638900627 0.905181550848 -1.77165354331,
            -0.00294456989032 0.905475100236 -1.77165354331,
            0.00294456989032 0.905475100236 -1.77165354331,
            0.00882638900627 0.905181550848 -1.77165354331,
            0.0146862643284 0.904595181882 -1.77165354331,
            0.0205096272835 0.903717451143 -1.77165354331,
            0.0262820000736 0.902550540809 -1.77165354331,
            0.0319890316704 0.901097352002 -1.77165354331,
            0.0376165334943 0.899361497579 -1.77165354331,
            0.0431505146889 0.897347293147 -1.77165354331,
            0.0485772169052 0.895059746336 -1.77165354331,
            0.0538831485063 0.892504544348 -1.77165354331,
            0.0590551181102 0.889688039817 -1.77165354331,
            0.0640802673857 0.886617235018 -1.77165354331,
            0.0689461030199 0.883299764455 -1.77165354331,
            0.0736405277786 0.879743875882 -1.77165354331,
            0.0781518705823 0.875958409799 -1.77165354331,
            0.082468915522 0.871952777472 -1.77165354331,
            0.0865809297437 0.867736937532 -1.77165354331,
            0.0904776901322 0.863321371223 -1.77165354331,
            0.0941495087271 0.858717056338 -1.77165354331,
            0.097587256809 0.853935439929 -1.77165354331,
            0.100782387594 0.848988409848 -1.77165354331,
            0.103726957485 0.843888265191 -1.77165354331,
            0.106413645815 0.838647685723 -1.77165354331,
            0.108835773056 0.833279700347 -1.77165354331,
            0.110987317416 0.827797654724 -1.77165354331,
            0.112862929817 0.82221517808 -1.77165354331,
            0.114457947192 0.816546149333 -1.77165354331,
            0.115768404077 0.810804662583 -1.77165354331,
            0.116791042468 0.805004992068 -1.77165354331,
            0.117523319925 0.799161556685 -1.77165354331,
            0.117963415892 0.793288884133 -1.77165354331
            ]
        }
        normal Normal {
            vector [
-1 0 0,
            -0.998756921219 0.0498458856607 0,
            -0.995030775365 0.0995678465958 0,
            -0.988830826225 0.149042266176 0,
            -0.980172487849 0.198146143199 0,
            -0.969077286229 0.24675739769 0,
            -0.955572805786 0.294755174411 0,
            -0.939692620786 0.342020143326 0,
            -0.92147621187 0.388434796275 0,
            -0.900968867902 0.433883739118 0,
            -0.87822157337 0.478253978621 0,
            -0.853290881632 0.521435203379 0,
            -0.826238774316 0.563320058064 0,
            -0.797132507223 0.603804410325 0,
            -0.766044443119 0.642787609687 0,
            -0.73305187183 0.680172737771 0,
            -0.698236818086 0.71586684926 0,
            -0.661685837597 0.749781202968 0,
            -0.623489801859 0.781831482468 0,
            -0.583743672235 0.811938005716 0,
            -0.542546263866 0.840025923151 0,
            -0.5 0.866025403784 0,
            -0.456210657353 0.889871808811 0,
            -0.411287103131 0.911505852312 0,
            -0.365341024366 0.930873748644 0,
            -0.318486650252 0.947927346167 0,
            -0.270840468143 0.96262424695 0,
            -0.222520933956 0.974927912182 0,
            -0.173648177667 0.984807753012 0,
            -0.124343704647 0.9922392066 0,
            -0.0747300935864 0.997203797181 0,
            -0.0249306917381 0.999689182001 0,
            0.0249306917381 0.999689182001 0,
            0.0747300935864 0.997203797181 0,
            0.124343704647 0.9922392066 0,
            0.173648177667 0.984807753012 0,
            0.222520933956 0.974927912182 0,
            0.270840468143 0.96262424695 0,
            0.318486650252 0.947927346167 0,
            0.365341024366 0.930873748644 0,
            0.411287103131 0.911505852312 0,
            0.456210657353 0.889871808811 0,
            0.5 0.866025403784 0,
            0.542546263866 0.840025923151 0,
            0.583743672235 0.811938005716 0,
            0.623489801859 0.781831482468 0,
            0.661685837597 0.749781202968 0,
            0.698236818086 0.71586684926 0,
            0.73305187183 0.680172737771 0,
            0.766044443119 0.642787609687 0,
            0.797132507223 0.603804410325 0,
            0.826238774316 0.563320058064 0,
            0.853290881632 0.521435203379 0,
            0.87822157337 0.478253978621 0,
            0.900968867902 0.433883739118 0,
            0.92147621187 0.388434796275 0,
            0.939692620786 0.342020143326 0,
            0.955572805786 0.294755174411 0,
            0.969077286229 0.24675739769 0,
            0.980172487849 0.198146143199 0,
            0.988830826225 0.149042266176 0,
            0.995030775365 0.0995678465958 0,
            0.998756921219 0.0498458856607 0,
            1 0 0,
            1 0 0,
            -1 0 0,
            -0.998756921219 0.0498458856607 0,
            -0.995030775365 0.0995678465958 0,
            -0.988830826225 0.149042266176 0,
            -0.980172487849 0.198146143199 0,
            -0.969077286229 0.24675739769 0,
            -0.955572805786 0.294755174411 0,
            -0.939692620786 0.342020143326 0,
            -0.92147621187 0.388434796275 0,
            -0.900968867902 0.433883739118 0,
            -0.87822157337 0.478253978621 0,
            -0.853290881632 0.521435203379 0,
            -0.826238774316 0.563320058064 0,
            -0.797132507223 0.603804410325 0,
            -0.766044443119 0.642787609687 0,
            -0.73305187183 0.680172737771 0,
            -0.698236818086 0.71586684926 0,
            -0.661685837597 0.749781202968 0,
            -0.623489801859 0.781831482468 0,
            -0.583743672235 0.811938005716 0,
            -0.542546263866 0.840025923151 0,
            -0.5 0.866025403784 0,
            -0.456210657353 0.889871808811 0,
            -0.411287103131 0.911505852312 0,
            -0.365341024366 0.930873748644 0,
            -0.318486650252 0.947927346167 0,
            -0.270840468143 0.96262424695 0,
            -0.222520933956 0.974927912182 0,
            -0.173648177667 0.984807753012 0,
            -0.124343704647 0.9922392066 0,
            -0.0747300935864 0.997203797181 0,
            -0.0249306917381 0.999689182001 0,
            0.0249306917381 0.999689182001 0,
            0.0747300935864 0.997203797181 0,
            0.124343704647 0.9922392066 0,
            0.173648177667 0.984807753012 0,
            0.222520933956 0.974927912182 0,
            0.270840468143 0.96262424695 0,
            0.318486650252 0.947927346167 0,
            0.365341024366 0.930873748644 0,
            0.411287103131 0.911505852312 0,
            0.456210657353 0.889871808811 0,
            0.5 0.866025403784 0,
            0.542546263866 0.840025923151 0,
            0.583743672235 0.811938005716 0,
            0.623489801859 0.781831482468 0,
            0.661685837597 0.749781202968 0,
            0.698236818086 0.71586684926 0,
            0.73305187183 0.680172737771 0,
            0.766044443119 0.642787609687 0,
            0.797132507223 0.603804410325 0,
            0.826238774316 0.563320058064 0,
            0.853290881632 0.521435203379 0,
            0.87822157337 0.478253978621 0,
            0.900968867902 0.433883739118 0,
            0.92147621187 0.388434796275 0,
            0.939692620786 0.342020143326 0,
            0.955572805786 0.294755174411 0,
            0.969077286229 0.24675739769 0,
            0.980172487849 0.198146143199 0,
            0.988830826225 0.149042266176 0,
            0.995030775365 0.0995678465958 0,
            0.998756921219 0.0498458856607 0
            ]
        }
        coordIndex [
66,0,1, -1,
          66,65,0, -1,
          67,1,2, -1,
          67,2,3, -1,
          67,66,1, -1,
          68,67,3, -1,
          69,3,4, -1,
          69,4,5, -1,
          69,68,3, -1,
          70,69,5, -1,
          71,5,6, -1,
          71,70,5, -1,
          72,6,7, -1,
          72,7,8, -1,
          72,71,6, -1,
          73,72,8, -1,
          74,8,9, -1,
          74,73,8, -1,
          75,9,10, -1,
          75,74,9, -1,
          76,10,11, -1,
          76,11,12, -1,
          76,75,10, -1,
          77,76,12, -1,
          78,12,13, -1,
          78,77,12, -1,
          79,13,14, -1,
          79,78,13, -1,
          80,14,15, -1,
          80,15,16, -1,
          80,79,14, -1,
          81,80,16, -1,
          82,81,16, -1,
          82,16,17, -1,
          83,17,18, -1,
          83,18,19, -1,
          83,82,17, -1,
          84,83,19, -1,
          85,84,19, -1,
          85,19,20, -1,
          86,85,20, -1,
          86,20,21, -1,
          87,86,21, -1,
          87,21,22, -1,
          88,87,22, -1,
          88,22,23, -1,
          89,23,24, -1,
          89,88,23, -1,
          90,24,25, -1,
          90,89,24, -1,
          91,25,26, -1,
          91,90,25, -1,
          92,26,27, -1,
          92,91,26, -1,
          93,27,28, -1,
          93,28,29, -1,
          93,92,27, -1,
          94,93,29, -1,
          95,29,30, -1,
          95,94,29, -1,
          96,30,31, -1,
          96,95,30, -1,
          97,31,32, -1,
          97,96,31, -1,
          98,32,33, -1,
          98,97,32, -1,
          99,33,34, -1,
          99,98,33, -1,
          100,34,35, -1,
          100,99,34, -1,
          101,35,36, -1,
          101,100,35, -1,
          102,36,37, -1,
          102,37,38, -1,
          102,101,36, -1,
          103,38,39, -1,
          103,102,38, -1,
          104,103,39, -1,
          105,39,40, -1,
          105,104,39, -1,
          106,40,41, -1,
          106,105,40, -1,
          107,41,42, -1,
          107,106,41, -1,
          108,107,42, -1,
          108,42,43, -1,
          109,108,43, -1,
          109,43,44, -1,
          110,109,44, -1,
          110,44,45, -1,
          111,110,45, -1,
          111,45,46, -1,
          111,46,47, -1,
          112,111,47, -1,
          113,112,47, -1,
          113,47,48, -1,
          114,113,48, -1,
          114,48,49, -1,
          115,114,49, -1,
          115,49,50, -1,
          115,50,51, -1,
          116,115,51, -1,
          117,116,51, -1,
          117,51,52, -1,
          117,52,53, -1,
          118,117,53, -1,
          119,118,53, -1,
          119,53,54, -1,
          119,54,55, -1,
          120,119,55, -1,
          121,55,56, -1,
          121,120,55, -1,
          122,56,57, -1,
          122,57,58, -1,
          122,121,56, -1,
          123,122,58, -1,
          124,58,59, -1,
          124,123,58, -1,
          125,59,60, -1,
          125,124,59, -1,
          126,60,61, -1,
          126,125,60, -1,
          127,61,62, -1,
          127,126,61, -1,
          64,62,63, -1,
          64,127,62, -1
        ]
    }
}

Shape{
    appearance Appearance {
        material Material {
            diffuseColor 0.85098 0.85098 0.85098
            specularColor 0.5 0.5 0.5
            ambientIntensity 0.2235
            transparency 0.0
            shininess 0.5
        }
    }
    geometry IndexedFaceSet {
        ccw TRUE
        solid FALSE
        coord Coordinate {
            point [
0.11811023622 0.787401574803 0.196850393701,
            0.11811023622 0.787401574803 -1.77165354331,
            0.117963415892 0.781514265473 0.196850393701,
            0.117523319925 0.775641592922 0.196850393701,
            0.116791042468 0.769798157538 0.196850393701,
            0.115768404077 0.763998487024 0.196850393701,
            0.114457947192 0.758257000273 0.196850393701,
            0.112862929817 0.752587971526 0.196850393701,
            0.110987317416 0.747005494883 0.196850393701,
            0.108835773056 0.741523449259 0.196850393701,
            0.106413645815 0.736155463884 0.196850393701,
            0.103726957485 0.730914884415 0.196850393701,
            0.100782387594 0.725814739758 0.196850393701,
            0.097587256809 0.720867709678 0.196850393701,
            0.0941495087271 0.716086093269 0.196850393701,
            0.0904776901322 0.711481778383 0.196850393701,
            0.0865809297437 0.707066212074 0.196850393701,
            0.082468915522 0.702850372135 0.196850393701,
            0.0781518705823 0.698844739807 0.196850393701,
            0.0736405277786 0.695059273724 0.196850393701,
            0.0689461030199 0.691503385152 0.196850393701,
            0.0640802673857 0.688185914588 0.196850393701,
            0.0590551181102 0.685115109789 0.196850393701,
            0.0538831485063 0.682298605258 0.196850393701,
            0.0485772169052 0.67974340327 0.196850393701,
            0.0431505146889 0.677455856459 0.196850393701,
            0.0376165334943 0.675441652028 0.196850393701,
            0.0319890316704 0.673705797604 0.196850393701,
            0.0262820000736 0.672252608797 0.196850393701,
            0.0205096272835 0.671085698463 0.196850393701,
            0.0146862643284 0.670207967724 0.196850393701,
            0.00882638900627 0.669621598758 0.196850393701,
            0.00294456989032 0.66932804937 0.196850393701,
            -0.00294456989032 0.66932804937 0.196850393701,
            -0.00882638900627 0.669621598758 0.196850393701,
            -0.0146862643284 0.670207967724 0.196850393701,
            -0.0205096272835 0.671085698463 0.196850393701,
            -0.0262820000736 0.672252608797 0.196850393701,
            -0.0319890316704 0.673705797604 0.196850393701,
            -0.0376165334943 0.675441652028 0.196850393701,
            -0.0431505146889 0.677455856459 0.196850393701,
            -0.0485772169052 0.67974340327 0.196850393701,
            -0.0538831485063 0.682298605258 0.196850393701,
            -0.0590551181102 0.685115109789 0.196850393701,
            -0.0640802673857 0.688185914588 0.196850393701,
            -0.0689461030199 0.691503385152 0.196850393701,
            -0.0736405277786 0.695059273724 0.196850393701,
            -0.0781518705823 0.698844739807 0.196850393701,
            -0.082468915522 0.702850372135 0.196850393701,
            -0.0865809297437 0.707066212074 0.196850393701,
            -0.0904776901322 0.711481778383 0.196850393701,
            -0.0941495087271 0.716086093269 0.196850393701,
            -0.097587256809 0.720867709678 0.196850393701,
            -0.100782387594 0.725814739758 0.196850393701,
            -0.103726957485 0.730914884415 0.196850393701,
            -0.106413645815 0.736155463884 0.196850393701,
            -0.108835773056 0.741523449259 0.196850393701,
            -0.110987317416 0.747005494883 0.196850393701,
            -0.112862929817 0.752587971526 0.196850393701,
            -0.114457947192 0.758257000273 0.196850393701,
            -0.115768404077 0.763998487024 0.196850393701,
            -0.116791042468 0.769798157538 0.196850393701,
            -0.117523319925 0.775641592922 0.196850393701,
            -0.117963415892 0.781514265473 0.196850393701,
            -0.11811023622 0.787401574803 0.196850393701,
            -0.11811023622 0.787401574803 -1.77165354331,
            0.117963415892 0.781514265473 -1.77165354331,
            0.117523319925 0.775641592922 -1.77165354331,
            0.116791042468 0.769798157538 -1.77165354331,
            0.115768404077 0.763998487024 -1.77165354331,
            0.114457947192 0.758257000273 -1.77165354331,
            0.112862929817 0.752587971526 -1.77165354331,
            0.110987317416 0.747005494883 -1.77165354331,
            0.108835773056 0.741523449259 -1.77165354331,
            0.106413645815 0.736155463884 -1.77165354331,
            0.103726957485 0.730914884415 -1.77165354331,
            0.100782387594 0.725814739758 -1.77165354331,
            0.097587256809 0.720867709678 -1.77165354331,
            0.0941495087271 0.716086093269 -1.77165354331,
            0.0904776901322 0.711481778383 -1.77165354331,
            0.0865809297437 0.707066212074 -1.77165354331,
            0.082468915522 0.702850372135 -1.77165354331,
            0.0781518705823 0.698844739807 -1.77165354331,
            0.0736405277786 0.695059273724 -1.77165354331,
            0.0689461030199 0.691503385152 -1.77165354331,
            0.0640802673857 0.688185914588 -1.77165354331,
            0.0590551181102 0.685115109789 -1.77165354331,
            0.0538831485063 0.682298605258 -1.77165354331,
            0.0485772169052 0.67974340327 -1.77165354331,
            0.0431505146889 0.677455856459 -1.77165354331,
            0.0376165334943 0.675441652028 -1.77165354331,
            0.0319890316704 0.673705797604 -1.77165354331,
            0.0262820000736 0.672252608797 -1.77165354331,
            0.0205096272835 0.671085698463 -1.77165354331,
            0.0146862643284 0.670207967724 -1.77165354331,
            0.00882638900627 0.669621598758 -1.77165354331,
            0.00294456989032 0.66932804937 -1.77165354331,
            -0.00294456989032 0.66932804937 -1.77165354331,
            -0.00882638900627 0.669621598758 -1.77165354331,
            -0.0146862643284 0.670207967724 -1.77165354331,
            -0.0205096272835 0.671085698463 -1.77165354331,
            -0.0262820000736 0.672252608797 -1.77165354331,
            -0.0319890316704 0.673705797604 -1.77165354331,
            -0.0376165334943 0.675441652028 -1.77165354331,
            -0.0431505146889 0.677455856459 -1.77165354331,
            -0.0485772169052 0.67974340327 -1.77165354331,
            -0.0538831485063 0.682298605258 -1.77165354331,
            -0.0590551181102 0.685115109789 -1.77165354331,
            -0.0640802673857 0.688185914588 -1.77165354331,
            -0.0689461030199 0.691503385152 -1.77165354331,
            -0.0736405277786 0.695059273724 -1.77165354331,
            -0.0781518705823 0.698844739807 -1.77165354331,
            -0.082468915522 0.702850372135 -1.77165354331,
            -0.0865809297437 0.707066212074 -1.77165354331,
            -0.0904776901322 0.711481778383 -1.77165354331,
            -0.0941495087271 0.716086093269 -1.77165354331,
            -0.097587256809 0.720867709678 -1.77165354331,
            -0.100782387594 0.725814739758 -1.77165354331,
            -0.103726957485 0.730914884415 -1.77165354331,
            -0.106413645815 0.736155463884 -1.77165354331,
            -0.108835773056 0.741523449259 -1.77165354331,
            -0.110987317416 0.747005494883 -1.77165354331,
            -0.112862929817 0.752587971526 -1.77165354331,
            -0.114457947192 0.758257000273 -1.77165354331,
            -0.115768404077 0.763998487024 -1.77165354331,
            -0.116791042468 0.769798157538 -1.77165354331,
            -0.117523319925 0.775641592922 -1.77165354331,
            -0.117963415892 0.781514265473 -1.77165354331
            ]
        }
        normal Normal {
            vector [
1 0 0,
            1 0 0,
            0.998756921219 -0.0498458856607 0,
            0.995030775365 -0.0995678465958 0,
            0.988830826225 -0.149042266176 0,
            0.980172487849 -0.198146143199 0,
            0.969077286229 -0.24675739769 0,
            0.955572805786 -0.294755174411 0,
            0.939692620786 -0.342020143326 0,
            0.92147621187 -0.388434796275 0,
            0.900968867902 -0.433883739118 0,
            0.87822157337 -0.478253978621 0,
            0.853290881632 -0.521435203379 0,
            0.826238774316 -0.563320058064 0,
            0.797132507223 -0.603804410325 0,
            0.766044443119 -0.642787609687 0,
            0.73305187183 -0.680172737771 0,
            0.698236818086 -0.71586684926 0,
            0.661685837597 -0.749781202968 0,
            0.623489801859 -0.781831482468 0,
            0.583743672235 -0.811938005716 0,
            0.542546263866 -0.840025923151 0,
            0.5 -0.866025403784 0,
            0.456210657353 -0.889871808811 0,
            0.411287103131 -0.911505852312 0,
            0.365341024366 -0.930873748644 0,
            0.318486650252 -0.947927346167 0,
            0.270840468143 -0.96262424695 0,
            0.222520933956 -0.974927912182 0,
            0.173648177667 -0.984807753012 0,
            0.124343704647 -0.9922392066 0,
            0.0747300935864 -0.997203797181 0,
            0.0249306917381 -0.999689182001 0,
            -0.0249306917381 -0.999689182001 0,
            -0.0747300935864 -0.997203797181 0,
            -0.124343704647 -0.9922392066 0,
            -0.173648177667 -0.984807753012 0,
            -0.222520933956 -0.974927912182 0,
            -0.270840468143 -0.96262424695 0,
            -0.318486650252 -0.947927346167 0,
            -0.365341024366 -0.930873748644 0,
            -0.411287103131 -0.911505852312 0,
            -0.456210657353 -0.889871808811 0,
            -0.5 -0.866025403784 0,
            -0.542546263866 -0.840025923151 0,
            -0.583743672235 -0.811938005716 0,
            -0.623489801859 -0.781831482468 0,
            -0.661685837597 -0.749781202968 0,
            -0.698236818086 -0.71586684926 0,
            -0.73305187183 -0.680172737771 0,
            -0.766044443119 -0.642787609687 0,
            -0.797132507223 -0.603804410325 0,
            -0.826238774316 -0.563320058064 0,
            -0.853290881632 -0.521435203379 0,
            -0.87822157337 -0.478253978621 0,
            -0.900968867902 -0.433883739118 0,
            -0.92147621187 -0.388434796275 0,
            -0.939692620786 -0.342020143326 0,
            -0.955572805786 -0.294755174411 0,
            -0.969077286229 -0.24675739769 0,
            -0.980172487849 -0.198146143199 0,
            -0.988830826225 -0.149042266176 0,
            -0.995030775365 -0.0995678465958 0,
            -0.998756921219 -0.0498458856607 0,
            -1 0 0,
            -1 0 0,
            0.998756921219 -0.0498458856607 0,
            0.995030775365 -0.0995678465958 0,
            0.988830826225 -0.149042266176 0,
            0.980172487849 -0.198146143199 0,
            0.969077286229 -0.24675739769 0,
            0.955572805786 -0.294755174411 0,
            0.939692620786 -0.342020143326 0,
            0.92147621187 -0.388434796275 0,
            0.900968867902 -0.433883739118 0,
            0.87822157337 -0.478253978621 0,
            0.853290881632 -0.521435203379 0,
            0.826238774316 -0.563320058064 0,
            0.797132507223 -0.603804410325 0,
            0.766044443119 -0.642787609687 0,
            0.73305187183 -0.680172737771 0,
            0.698236818086 -0.71586684926 0,
            0.661685837597 -0.749781202968 0,
            0.623489801859 -0.781831482468 0,
            0.583743672235 -0.811938005716 0,
            0.542546263866 -0.840025923151 0,
            0.5 -0.866025403784 0,
            0.456210657353 -0.889871808811 0,
            0.411287103131 -0.911505852312 0,
            0.365341024366 -0.930873748644 0,
            0.318486650252 -0.947927346167 0,
            0.270840468143 -0.96262424695 0,
            0.222520933956 -0.974927912182 0,
            0.173648177667 -0.984807753012 0,
            0.124343704647 -0.9922392066 0,
            0.0747300935864 -0.997203797181 0,
            0.0249306917381 -0.999689182001 0,
            -0.0249306917381 -0.999689182001 0,
            -0.0747300935864 -0.997203797181 0,
            -0.124343704647 -0.9922392066 0,
            -0.173648177667 -0.984807753012 0,
            -0.222520933956 -0.974927912182 0,
            -0.270840468143 -0.96262424695 0,
            -0.318486650252 -0.947927346167 0,
            -0.365341024366 -0.930873748644 0,
            -0.411287103131 -0.911505852312 0,
            -0.456210657353 -0.889871808811 0,
            -0.5 -0.866025403784 0,
            -0.542546263866 -0.840025923151 0,
            -0.583743672235 -0.811938005716 0,
            -0.623489801859 -0.781831482468 0,
            -0.661685837597 -0.749781202968 0,
            -0.698236818086 -0.71586684926 0,
            -0.73305187183 -0.680172737771 0,
            -0.766044443119 -0.642787609687 0,
            -0.797132507223 -0.603804410325 0,
            -0.826238774316 -0.563320058064 0,
            -0.853290881632 -0.521435203379 0,
            -0.87822157337 -0.478253978621 0,
            -0.900968867902 -0.433883739118 0,
            -0.92147621187 -0.388434796275 0,
            -0.939692620786 -0.342020143326 0,
            -0.955572805786 -0.294755174411 0,
            -0.969077286229 -0.24675739769 0,
            -0.980172487849 -0.198146143199 0,
            -0.988830826225 -0.149042266176 0,
            -0.995030775365 -0.0995678465958 0,
            -0.998756921219 -0.0498458856607 0
            ]
        }
        coordIndex [
66,1,0, -1,
          66,0,2, -1,
          67,2,3, -1,
          67,66,2, -1,
          68,3,4, -1,
          68,4,5, -1,
          68,67,3, -1,
          69,5,6, -1,
          69,68,5, -1,
          70,69,6, -1,
          71,6,7, -1,
          71,7,8, -1,
          71,70,6, -1,
          72,71,8, -1,
          73,8,9, -1,
          73,9,10, -1,
          73,72,8, -1,
          74,73,10, -1,
          75,10,11, -1,
          75,11,12, -1,
          75,74,10, -1,
          76,75,12, -1,
          77,12,13, -1,
          77,13,14, -1,
          77,76,12, -1,
          78,77,14, -1,
          79,14,15, -1,
          79,78,14, -1,
          80,15,16, -1,
          80,79,15, -1,
          81,16,17, -1,
          81,80,16, -1,
          82,17,18, -1,
          82,18,19, -1,
          82,81,17, -1,
          83,82,19, -1,
          84,83,19, -1,
          84,19,20, -1,
          84,20,21, -1,
          85,84,21, -1,
          86,85,21, -1,
          86,21,22, -1,
          87,86,22, -1,
          87,22,23, -1,
          88,23,24, -1,
          88,87,23, -1,
          89,24,25, -1,
          89,88,24, -1,
          90,25,26, -1,
          90,89,25, -1,
          91,26,27, -1,
          91,27,28, -1,
          91,90,26, -1,
          92,91,28, -1,
          93,28,29, -1,
          93,92,28, -1,
          94,29,30, -1,
          94,93,29, -1,
          95,30,31, -1,
          95,94,30, -1,
          96,31,32, -1,
          96,95,31, -1,
          97,32,33, -1,
          97,96,32, -1,
          98,33,34, -1,
          98,97,33, -1,
          99,34,35, -1,
          99,98,34, -1,
          100,35,36, -1,
          100,99,35, -1,
          101,36,37, -1,
          101,100,36, -1,
          102,37,38, -1,
          102,38,39, -1,
          102,101,37, -1,
          103,39,40, -1,
          103,102,39, -1,
          104,103,40, -1,
          105,40,41, -1,
          105,104,40, -1,
          106,41,42, -1,
          106,105,41, -1,
          107,42,43, -1,
          107,106,42, -1,
          108,107,43, -1,
          108,43,44, -1,
          109,108,44, -1,
          109,44,45, -1,
          110,109,45, -1,
          110,45,46, -1,
          111,110,46, -1,
          111,46,47, -1,
          112,111,47, -1,
          112,47,48, -1,
          113,112,48, -1,
          113,48,49, -1,
          113,49,50, -1,
          114,113,50, -1,
          114,50,51, -1,
          115,114,51, -1,
          116,115,51, -1,
          116,51,52, -1,
          117,116,52, -1,
          117,52,53, -1,
          118,117,53, -1,
          118,53,54, -1,
          118,54,55, -1,
          119,118,55, -1,
          119,55,56, -1,
          120,119,56, -1,
          121,120,56, -1,
          121,56,57, -1,
          121,57,58, -1,
          122,121,58, -1,
          123,122,58, -1,
          123,58,59, -1,
          123,59,60, -1,
          124,123,60, -1,
          125,60,61, -1,
          125,61,62, -1,
          125,124,60, -1,
          126,125,62, -1,
          127,62,63, -1,
          127,126,62, -1,
          65,63,64, -1,
          65,127,63, -1
        ]
    }
}

Shape{
    appearance Appearance {
        material Material {
            diffuseColor 0.223529 0.223529 0.223529
            specularColor 0.113725 0.113725 0.113725
            ambientIntensity 0.2235
            transparency 0.0
            shininess 0.5
        }
    }
    geometry IndexedFaceSet {
        ccw TRUE
        solid FALSE
        coord Coordinate {
            point [
1.49772679732 -0.486640936024 0.196850393701,
            1.49772679732 -0.486640936024 0,
            1.47346380447 -0.555796164904 0.196850393701,
            1.44600961713 -0.623747663054 0.196850393701,
            1.41542369496 -0.69034826266 0.196850393701,
            1.38177228024 -0.755453721654 0.196850393701,
            1.34512825446 -0.818923036109 0.196850393701,
            1.3055709804 -0.880618745623 0.196850393701,
            1.26318613032 -0.940407231028 0.196850393701,
            1.21806550037 -0.998159003777 0.196850393701,
            1.17030681178 -1.05374898639 0.196850393701,
            1.17030681178 -1.05374898639 0,
            1.47346380447 -0.555796164904 0,
            1.44600961713 -0.623747663054 0,
            1.41542369496 -0.69034826266 0,
            1.38177228024 -0.755453721654 0,
            1.34512825446 -0.818923036109 0,
            1.3055709804 -0.880618745623 0,
            1.26318613032 -0.940407231028 0,
            1.21806550037 -0.998159003777 0
            ]
        }
        normal Normal {
            vector [
-0.951056516295 0.309016994375 0,
            -0.951056516295 0.309016994375 0,
            -0.93564951584 0.352930564714 0,
            -0.91821610688 0.396079766039 0,
            -0.898794046299 0.438371146789 0,
            -0.877425397955 0.47971311325 0,
            -0.854156441581 0.520016127929 0,
            -0.829037572555 0.559192903471 0,
            -0.802123192755 0.597158591703 0,
            -0.773471592734 0.633830967399 0,
            -0.743144825478 0.669130606359 0,
            -0.743144825477 0.669130606359 0,
            -0.93564951584 0.352930564714 0,
            -0.91821610688 0.396079766039 0,
            -0.898794046299 0.438371146789 0,
            -0.877425397955 0.47971311325 0,
            -0.854156441581 0.520016127929 0,
            -0.829037572555 0.559192903471 0,
            -0.802123192755 0.597158591703 0,
            -0.773471592734 0.633830967399 0
            ]
        }
        coordIndex [
12,0,1, -1,
          12,2,0, -1,
          13,3,2, -1,
          13,2,12, -1,
          14,4,3, -1,
          14,3,13, -1,
          15,5,4, -1,
          15,4,14, -1,
          16,6,5, -1,
          16,5,15, -1,
          17,7,6, -1,
          17,6,16, -1,
          18,8,7, -1,
          18,7,17, -1,
          19,9,8, -1,
          19,10,9, -1,
          19,8,18, -1,
          11,10,19, -1
        ]
    }
}

Shape{
    appearance Appearance {
        material Material {
            diffuseColor 0.223529 0.223529 0.223529
            specularColor 0.113725 0.113725 0.113725
            ambientIntensity 0.2235
            transparency 0.0
            shininess 0.5
        }
    }
    geometry IndexedFaceSet {
        ccw TRUE
        solid FALSE
        coord Coordinate {
            point [
-1.17030681178 -1.05374898639 0.196850393701,
            -1.17030681178 -1.05374898639 0,
            -1.21806550037 -0.998159003777 0.196850393701,
            -1.26318613032 -0.940407231028 0.196850393701,
            -1.3055709804 -0.880618745623 0.196850393701,
            -1.34512825446 -0.818923036109 0.196850393701,
            -1.38177228024 -0.755453721654 0.196850393701,
            -1.41542369496 -0.69034826266 0.196850393701,
            -1.44600961713 -0.623747663054 0.196850393701,
            -1.47346380447 -0.555796164904 0.196850393701,
            -1.49772679732 -0.486640936024 0.196850393701,
            -1.49772679732 -0.486640936024 0,
            -1.21806550037 -0.998159003777 0,
            -1.26318613032 -0.940407231028 0,
            -1.3055709804 -0.880618745623 0,
            -1.34512825446 -0.818923036109 0,
            -1.38177228024 -0.755453721654 0,
            -1.41542369496 -0.69034826266 0,
            -1.44600961713 -0.623747663054 0,
            -1.47346380447 -0.555796164904 0
            ]
        }
        normal Normal {
            vector [
0.743144825477 0.669130606359 0,
            0.743144825477 0.669130606359 0,
            0.773471592734 0.633830967399 0,
            0.802123192755 0.597158591703 0,
            0.829037572555 0.559192903471 0,
            0.854156441581 0.520016127929 0,
            0.877425397955 0.47971311325 0,
            0.898794046299 0.438371146789 0,
            0.91821610688 0.396079766039 0,
            0.93564951584 0.352930564714 0,
            0.951056516295 0.309016994375 0,
            0.951056516295 0.309016994375 0,
            0.773471592734 0.633830967399 0,
            0.802123192755 0.597158591703 0,
            0.829037572555 0.559192903471 0,
            0.854156441581 0.520016127929 0,
            0.877425397955 0.47971311325 0,
            0.898794046299 0.438371146789 0,
            0.91821610688 0.396079766039 0,
            0.93564951584 0.352930564714 0
            ]
        }
        coordIndex [
12,0,1, -1,
          12,2,0, -1,
          13,3,2, -1,
          13,2,12, -1,
          14,4,3, -1,
          14,3,13, -1,
          15,5,4, -1,
          15,4,14, -1,
          16,6,5, -1,
          16,5,15, -1,
          17,7,6, -1,
          17,6,16, -1,
          18,8,7, -1,
          18,7,17, -1,
          19,9,8, -1,
          19,8,18, -1,
          11,10,9, -1,
          11,9,19, -1
        ]
    }
}

Shape{
    appearance Appearance {
        material Material {
            diffuseColor 0.223529 0.223529 0.223529
            specularColor 0.113725 0.113725 0.113725
            ambientIntensity 0.2235
            transparency 0.0
            shininess 0.5
        }
    }
    geometry IndexedFaceSet {
        ccw TRUE
        solid FALSE
        coord Coordinate {
            point [
-0.32741998554 1.54038992242 0.196850393701,
            -0.32741998554 1.54038992242 0,
            -0.255398304103 1.55395516868 0.196850393701,
            -0.182823486811 1.56415489408 0.196850393701,
            -0.109852714558 1.57096700828 0.196850393701,
            -0.0366440257859 1.57437675776 0.196850393701,
            0.0366440257859 1.57437675776 0.196850393701,
            0.109852714558 1.57096700828 0.196850393701,
            0.182823486811 1.56415489408 0.196850393701,
            0.255398304103 1.55395516868 0.196850393701,
            0.32741998554 1.54038992242 0.196850393701,
            0.32741998554 1.54038992242 0,
            -0.255398304103 1.55395516868 0,
            -0.182823486811 1.56415489408 0,
            -0.109852714558 1.57096700828 0,
            -0.0366440257859 1.57437675776 0,
            0.0366440257859 1.57437675776 0,
            0.109852714558 1.57096700828 0,
            0.182823486811 1.56415489408 0,
            0.255398304103 1.55395516868 0
            ]
        }
        normal Normal {
            vector [
0.207911690818 -0.978147600734 0,
            0.207911690818 -0.978147600734 0,
            0.162177923106 -0.986761532113 0,
            0.116092914125 -0.993238357742 0,
            0.0697564737441 -0.99756405026 0,
            0.0232689563741 -0.999729241179 0,
            -0.0232689563741 -0.999729241179 0,
            -0.0697564737441 -0.99756405026 0,
            -0.116092914125 -0.993238357742 0,
            -0.162177923106 -0.986761532113 0,
            -0.207911690818 -0.978147600734 0,
            -0.207911690818 -0.978147600734 0,
            0.162177923106 -0.986761532113 0,
            0.116092914125 -0.993238357742 0,
            0.0697564737441 -0.99756405026 0,
            0.0232689563741 -0.999729241179 0,
            -0.0232689563741 -0.999729241179 0,
            -0.0697564737441 -0.99756405026 0,
            -0.116092914125 -0.993238357742 0,
            -0.162177923106 -0.986761532113 0
            ]
        }
        coordIndex [
12,0,1, -1,
          12,2,0, -1,
          13,3,2, -1,
          13,2,12, -1,
          14,4,3, -1,
          14,3,13, -1,
          15,5,4, -1,
          15,4,14, -1,
          16,6,5, -1,
          16,5,15, -1,
          17,7,6, -1,
          17,6,16, -1,
          18,8,7, -1,
          18,7,17, -1,
          19,9,8, -1,
          19,10,9, -1,
          19,8,18, -1,
          11,10,19, -1
        ]
    }
}

Shape{
    appearance Appearance {
        material Material {
            diffuseColor 0.85098 0.85098 0.85098
            specularColor 0.5 0.5 0.5
            ambientIntensity 0.2235
            transparency 0.0
            shininess 0.5
        }
    }
    geometry IndexedFaceSet {
        ccw TRUE
        solid FALSE
        coord Coordinate {
            point [
-1.47978483085 0 1.37795275591,
            -1.47978483085 0 0.984251968504,
            -1.47794534173 -0.0737611854811 0.984251968504,
            -1.47243144762 -0.147338989033 0.984251968504,
            -1.46325685693 -0.220550484643 0.984251968504,
            -1.45044437914 -0.293213656998 0.984251968504,
            -1.43402586808 -0.365147854003 0.984251968504,
            -1.41404214278 -0.436174235908 0.984251968504,
            -1.3905428859 -0.506116219939 0.984251968504,
            -1.36358652032 -0.574799919302 0.984251968504,
            -1.33324006379 -0.642054575499 0.984251968504,
            -1.2995789624 -0.707712982858 0.984251968504,
            -1.26268690294 -0.771611904233 0.984251968504,
            -1.22265560489 -0.833592476837 0.984251968504,
            -1.17958459237 -0.893500607201 0.984251968504,
            -1.13358094669 -0.951187354274 0.984251968504,
            -1.08475904016 -1.00650929971 0.984251968504,
            -1.03324025175 -1.05932890444 0.984251968504,
            -0.979152665265 -1.10951485061 0.984251968504,
            -0.922630750981 -1.15694236804 0.984251968504,
            -0.863815031279 -1.20149354445 0.984251968504,
            -0.802851731304 -1.2430576186 0.984251968504,
            -0.739892415426 -1.28153125565 0.984251968504,
            -0.675093610424 -1.31681880408 0.984251968504,
            -0.608616416338 -1.34883253348 0.984251968504,
            -0.540626105945 -1.37749285268 0.984251968504,
            -0.471291713871 -1.40272850761 0.984251968504,
            -0.400785616339 -1.42447675845 0.984251968504,
            -0.329283102616 -1.44268353562 0.984251968504,
            -0.256961939217 -1.45730357421 0.984251968504,
            -0.184001927949 -1.4683005265 0.984251968504,
            -0.110584458897 -1.47564705234 0.984251968504,
            -0.0368920594566 -1.47932488709 0.984251968504,
            0.0368920594567 -1.47932488709 0.984251968504,
            0.110584458897 -1.47564705234 0.984251968504,
            0.184001927949 -1.4683005265 0.984251968504,
            0.256961939217 -1.45730357421 0.984251968504,
            0.329283102616 -1.44268353562 0.984251968504,
            0.400785616339 -1.42447675845 0.984251968504,
            0.471291713871 -1.40272850761 0.984251968504,
            0.540626105945 -1.37749285268 0.984251968504,
            0.608616416338 -1.34883253348 0.984251968504,
            0.675093610424 -1.31681880408 0.984251968504,
            0.739892415426 -1.28153125565 0.984251968504,
            0.802851731304 -1.2430576186 0.984251968504,
            0.863815031279 -1.20149354445 0.984251968504,
            0.922630750981 -1.15694236804 0.984251968504,
            0.979152665265 -1.10951485061 0.984251968504,
            1.03324025175 -1.05932890444 0.984251968504,
            1.08475904016 -1.00650929971 0.984251968504,
            1.13358094669 -0.951187354274 0.984251968504,
            1.17958459237 -0.893500607201 0.984251968504,
            1.22265560489 -0.833592476837 0.984251968504,
            1.26268690294 -0.771611904233 0.984251968504,
            1.2995789624 -0.707712982858 0.984251968504,
            1.33324006379 -0.642054575499 0.984251968504,
            1.36358652032 -0.574799919302 0.984251968504,
            1.3905428859 -0.506116219939 0.984251968504,
            1.41404214278 -0.436174235908 0.984251968504,
            1.43402586808 -0.365147854003 0.984251968504,
            1.45044437914 -0.293213656998 0.984251968504,
            1.46325685693 -0.220550484643 0.984251968504,
            1.47243144762 -0.147338989033 0.984251968504,
            1.47794534173 -0.0737611854811 0.984251968504,
            1.47978483085 1.81221375653e-16 0.984251968504,
            1.47978483085 1.81221375653e-16 1.37795275591,
            -1.47794534173 -0.0737611854811 1.37795275591,
            -1.47243144762 -0.147338989033 1.37795275591,
            -1.46325685693 -0.220550484643 1.37795275591,
            -1.45044437914 -0.293213656998 1.37795275591,
            -1.43402586808 -0.365147854003 1.37795275591,
            -1.41404214278 -0.436174235908 1.37795275591,
            -1.3905428859 -0.506116219939 1.37795275591,
            -1.36358652032 -0.574799919302 1.37795275591,
            -1.33324006379 -0.642054575499 1.37795275591,
            -1.2995789624 -0.707712982858 1.37795275591,
            -1.26268690294 -0.771611904233 1.37795275591,
            -1.22265560489 -0.833592476837 1.37795275591,
            -1.17958459237 -0.893500607201 1.37795275591,
            -1.13358094669 -0.951187354274 1.37795275591,
            -1.08475904016 -1.00650929971 1.37795275591,
            -1.03324025175 -1.05932890444 1.37795275591,
            -0.979152665265 -1.10951485061 1.37795275591,
            -0.922630750981 -1.15694236804 1.37795275591,
            -0.863815031279 -1.20149354445 1.37795275591,
            -0.802851731304 -1.2430576186 1.37795275591,
            -0.739892415426 -1.28153125565 1.37795275591,
            -0.675093610424 -1.31681880408 1.37795275591,
            -0.608616416338 -1.34883253348 1.37795275591,
            -0.540626105945 -1.37749285268 1.37795275591,
            -0.471291713871 -1.40272850761 1.37795275591,
            -0.400785616339 -1.42447675845 1.37795275591,
            -0.329283102616 -1.44268353562 1.37795275591,
            -0.256961939217 -1.45730357421 1.37795275591,
            -0.184001927949 -1.4683005265 1.37795275591,
            -0.110584458897 -1.47564705234 1.37795275591,
            -0.0368920594566 -1.47932488709 1.37795275591,
            0.0368920594567 -1.47932488709 1.37795275591,
            0.110584458897 -1.47564705234 1.37795275591,
            0.184001927949 -1.4683005265 1.37795275591,
            0.256961939217 -1.45730357421 1.37795275591,
            0.329283102616 -1.44268353562 1.37795275591,
            0.400785616339 -1.42447675845 1.37795275591,
            0.471291713871 -1.40272850761 1.37795275591,
            0.540626105945 -1.37749285268 1.37795275591,
            0.608616416338 -1.34883253348 1.37795275591,
            0.675093610424 -1.31681880408 1.37795275591,
            0.739892415426 -1.28153125565 1.37795275591,
            0.802851731304 -1.2430576186 1.37795275591,
            0.863815031279 -1.20149354445 1.37795275591,
            0.922630750981 -1.15694236804 1.37795275591,
            0.979152665265 -1.10951485061 1.37795275591,
            1.03324025175 -1.05932890444 1.37795275591,
            1.08475904016 -1.00650929971 1.37795275591,
            1.13358094669 -0.951187354274 1.37795275591,
            1.17958459237 -0.893500607201 1.37795275591,
            1.22265560489 -0.833592476837 1.37795275591,
            1.26268690294 -0.771611904233 1.37795275591,
            1.2995789624 -0.707712982858 1.37795275591,
            1.33324006379 -0.642054575499 1.37795275591,
            1.36358652032 -0.574799919302 1.37795275591,
            1.3905428859 -0.506116219939 1.37795275591,
            1.41404214278 -0.436174235908 1.37795275591,
            1.43402586808 -0.365147854003 1.37795275591,
            1.45044437914 -0.293213656998 1.37795275591,
            1.46325685693 -0.220550484643 1.37795275591,
            1.47243144762 -0.147338989033 1.37795275591,
            1.47794534173 -0.0737611854811 1.37795275591
            ]
        }
        normal Normal {
            vector [
1 0 0,
            1 0 0,
            0.998756921219 0.0498458856611 0,
            0.995030775365 0.0995678465962 0,
            0.988830826225 0.149042266177 0,
            0.980172487848 0.1981461432 0,
            0.969077286229 0.246757397691 0,
            0.955572805786 0.294755174411 0,
            0.939692620786 0.342020143326 0,
            0.92147621187 0.388434796275 0,
            0.900968867902 0.433883739118 0,
            0.87822157337 0.478253978622 0,
            0.853290881632 0.52143520338 0,
            0.826238774316 0.563320058064 0,
            0.797132507223 0.603804410326 0,
            0.766044443119 0.642787609687 0,
            0.73305187183 0.680172737771 0,
            0.698236818086 0.71586684926 0,
            0.661685837597 0.749781202968 0,
            0.623489801858 0.781831482468 0,
            0.583743672234 0.811938005716 0,
            0.542546263865 0.840025923151 0,
            0.5 0.866025403785 0,
            0.456210657353 0.889871808812 0,
            0.41128710313 0.911505852312 0,
            0.365341024366 0.930873748644 0,
            0.318486650251 0.947927346167 0,
            0.270840468143 0.96262424695 0,
            0.222520933956 0.974927912182 0,
            0.173648177667 0.984807753012 0,
            0.124343704647 0.9922392066 0,
            0.074730093586 0.997203797181 0,
            0.0249306917377 0.999689182001 0,
            -0.0249306917385 0.999689182001 0,
            -0.0747300935868 0.997203797181 0,
            -0.124343704648 0.9922392066 0,
            -0.173648177667 0.984807753012 0,
            -0.222520933957 0.974927912182 0,
            -0.270840468143 0.96262424695 0,
            -0.318486650252 0.947927346167 0,
            -0.365341024367 0.930873748644 0,
            -0.411287103131 0.911505852312 0,
            -0.456210657354 0.889871808811 0,
            -0.5 0.866025403784 0,
            -0.542546263866 0.840025923151 0,
            -0.583743672235 0.811938005716 0,
            -0.623489801859 0.781831482468 0,
            -0.661685837597 0.749781202967 0,
            -0.698236818086 0.715866849259 0,
            -0.73305187183 0.680172737771 0,
            -0.766044443119 0.642787609686 0,
            -0.797132507223 0.603804410325 0,
            -0.826238774316 0.563320058063 0,
            -0.853290881632 0.521435203379 0,
            -0.87822157337 0.478253978621 0,
            -0.900968867903 0.433883739117 0,
            -0.921476211871 0.388434796274 0,
            -0.939692620786 0.342020143325 0,
            -0.955572805786 0.294755174411 0,
            -0.969077286229 0.24675739769 0,
            -0.980172487849 0.198146143199 0,
            -0.988830826225 0.149042266176 0,
            -0.995030775365 0.0995678465954 0,
            -0.998756921219 0.0498458856603 0,
            -1 0 0,
            -1 0 0,
            0.998756921219 0.0498458856611 0,
            0.995030775365 0.0995678465962 0,
            0.988830826225 0.149042266177 0,
            0.980172487848 0.1981461432 0,
            0.969077286229 0.246757397691 0,
            0.955572805786 0.294755174411 0,
            0.939692620786 0.342020143326 0,
            0.92147621187 0.388434796275 0,
            0.900968867902 0.433883739118 0,
            0.87822157337 0.478253978622 0,
            0.853290881632 0.52143520338 0,
            0.826238774316 0.563320058064 0,
            0.797132507223 0.603804410326 0,
            0.766044443119 0.642787609687 0,
            0.73305187183 0.680172737771 0,
            0.698236818086 0.71586684926 0,
            0.661685837597 0.749781202968 0,
            0.623489801858 0.781831482468 0,
            0.583743672234 0.811938005716 0,
            0.542546263865 0.840025923151 0,
            0.5 0.866025403785 0,
            0.456210657353 0.889871808812 0,
            0.41128710313 0.911505852312 0,
            0.365341024366 0.930873748644 0,
            0.318486650251 0.947927346167 0,
            0.270840468143 0.96262424695 0,
            0.222520933956 0.974927912182 0,
            0.173648177667 0.984807753012 0,
            0.124343704647 0.9922392066 0,
            0.074730093586 0.997203797181 0,
            0.0249306917377 0.999689182001 0,
            -0.0249306917385 0.999689182001 0,
            -0.0747300935868 0.997203797181 0,
            -0.124343704648 0.9922392066 0,
            -0.173648177667 0.984807753012 0,
            -0.222520933957 0.974927912182 0,
            -0.270840468143 0.96262424695 0,
            -0.318486650252 0.947927346167 0,
            -0.365341024367 0.930873748644 0,
            -0.411287103131 0.911505852312 0,
            -0.456210657354 0.889871808811 0,
            -0.5 0.866025403784 0,
            -0.542546263866 0.840025923151 0,
            -0.583743672235 0.811938005716 0,
            -0.623489801859 0.781831482468 0,
            -0.661685837597 0.749781202967 0,
            -0.698236818086 0.715866849259 0,
            -0.73305187183 0.680172737771 0,
            -0.766044443119 0.642787609686 0,
            -0.797132507223 0.603804410325 0,
            -0.826238774316 0.563320058063 0,
            -0.853290881632 0.521435203379 0,
            -0.87822157337 0.478253978621 0,
            -0.900968867903 0.433883739117 0,
            -0.921476211871 0.388434796274 0,
            -0.939692620786 0.342020143325 0,
            -0.955572805786 0.294755174411 0,
            -0.969077286229 0.24675739769 0,
            -0.980172487849 0.198146143199 0,
            -0.988830826225 0.149042266176 0,
            -0.995030775365 0.0995678465954 0,
            -0.998756921219 0.0498458856603 0
            ]
        }
        coordIndex [
64,127,65, -1,
          63,127,64, -1,
          62,126,127, -1,
          62,127,63, -1,
          61,125,126, -1,
          61,126,62, -1,
          60,124,125, -1,
          60,125,61, -1,
          59,123,124, -1,
          59,124,60, -1,
          58,122,123, -1,
          58,123,59, -1,
          57,121,122, -1,
          57,122,58, -1,
          56,120,121, -1,
          56,121,57, -1,
          55,119,120, -1,
          55,120,56, -1,
          54,118,119, -1,
          54,119,55, -1,
          53,117,118, -1,
          53,118,54, -1,
          52,116,117, -1,
          52,117,53, -1,
          51,115,116, -1,
          51,116,52, -1,
          50,114,115, -1,
          50,115,51, -1,
          49,113,114, -1,
          49,114,50, -1,
          48,112,113, -1,
          48,113,49, -1,
          47,111,112, -1,
          47,112,48, -1,
          46,111,47, -1,
          46,110,111, -1,
          45,108,109, -1,
          45,109,110, -1,
          45,110,46, -1,
          44,108,45, -1,
          43,107,108, -1,
          43,108,44, -1,
          42,106,107, -1,
          42,107,43, -1,
          41,105,106, -1,
          41,106,42, -1,
          40,104,105, -1,
          40,105,41, -1,
          39,103,104, -1,
          39,104,40, -1,
          38,102,103, -1,
          38,103,39, -1,
          37,101,102, -1,
          37,102,38, -1,
          36,100,101, -1,
          36,101,37, -1,
          35,100,36, -1,
          35,99,100, -1,
          34,99,35, -1,
          34,98,99, -1,
          33,98,34, -1,
          33,97,98, -1,
          32,97,33, -1,
          32,96,97, -1,
          31,96,32, -1,
          31,95,96, -1,
          30,95,31, -1,
          30,94,95, -1,
          29,94,30, -1,
          29,93,94, -1,
          28,93,29, -1,
          28,91,92, -1,
          28,92,93, -1,
          27,91,28, -1,
          26,91,27, -1,
          26,90,91, -1,
          25,89,90, -1,
          25,90,26, -1,
          24,88,89, -1,
          24,89,25, -1,
          23,88,24, -1,
          23,86,87, -1,
          23,87,88, -1,
          22,86,23, -1,
          21,86,22, -1,
          21,85,86, -1,
          20,85,21, -1,
          20,84,85, -1,
          19,84,20, -1,
          19,83,84, -1,
          18,83,19, -1,
          18,82,83, -1,
          17,82,18, -1,
          17,81,82, -1,
          16,81,17, -1,
          16,80,81, -1,
          15,80,16, -1,
          15,79,80, -1,
          14,79,15, -1,
          14,78,79, -1,
          13,78,14, -1,
          13,77,78, -1,
          12,77,13, -1,
          12,76,77, -1,
          11,76,12, -1,
          11,75,76, -1,
          10,75,11, -1,
          10,74,75, -1,
          9,74,10, -1,
          9,73,74, -1,
          8,73,9, -1,
          8,72,73, -1,
          7,72,8, -1,
          7,71,72, -1,
          6,71,7, -1,
          6,70,71, -1,
          5,70,6, -1,
          5,69,70, -1,
          4,68,69, -1,
          4,69,5, -1,
          3,67,68, -1,
          3,68,4, -1,
          2,66,67, -1,
          2,67,3, -1,
          1,0,66, -1,
          1,66,2, -1
        ]
    }
}

Shape{
    appearance Appearance {
        material Material {
            diffuseColor 0.85098 0.85098 0.85098
            specularColor 0.5 0.5 0.5
            ambientIntensity 0.2235
            transparency 0.0
            shininess 0.5
        }
    }
    geometry IndexedFaceSet {
        ccw TRUE
        solid FALSE
        coord Coordinate {
            point [
1.47978483085 1.81221375653e-16 0.984251968504,
            1.47794534173 0.0737611854811 0.984251968504,
            1.47243144762 0.147338989033 0.984251968504,
            1.46325685693 0.220550484643 0.984251968504,
            1.45044437914 0.293213656998 0.984251968504,
            1.43402586808 0.365147854003 0.984251968504,
            1.41404214278 0.436174235908 0.984251968504,
            1.3905428859 0.506116219939 0.984251968504,
            1.36358652032 0.574799919302 0.984251968504,
            1.33324006379 0.642054575499 0.984251968504,
            1.2995789624 0.707712982858 0.984251968504,
            1.26268690294 0.771611904233 0.984251968504,
            1.22265560489 0.833592476837 0.984251968504,
            1.17958459237 0.893500607201 0.984251968504,
            1.13358094669 0.951187354274 0.984251968504,
            1.08475904016 1.00650929971 0.984251968504,
            1.03324025175 1.05932890444 0.984251968504,
            0.979152665265 1.10951485061 0.984251968504,
            0.922630750981 1.15694236804 0.984251968504,
            0.863815031279 1.20149354445 0.984251968504,
            0.802851731304 1.2430576186 0.984251968504,
            0.739892415426 1.28153125565 0.984251968504,
            0.675093610424 1.31681880408 0.984251968504,
            0.608616416338 1.34883253348 0.984251968504,
            0.540626105945 1.37749285268 0.984251968504,
            0.471291713871 1.40272850761 0.984251968504,
            0.400785616339 1.42447675845 0.984251968504,
            0.329283102616 1.44268353562 0.984251968504,
            0.256961939217 1.45730357421 0.984251968504,
            0.184001927949 1.4683005265 0.984251968504,
            0.110584458897 1.47564705234 0.984251968504,
            0.0368920594566 1.47932488709 0.984251968504,
            -0.0368920594566 1.47932488709 0.984251968504,
            -0.110584458897 1.47564705234 0.984251968504,
            -0.184001927949 1.4683005265 0.984251968504,
            -0.256961939217 1.45730357421 0.984251968504,
            -0.329283102616 1.44268353562 0.984251968504,
            -0.400785616339 1.42447675845 0.984251968504,
            -0.471291713871 1.40272850761 0.984251968504,
            -0.540626105945 1.37749285268 0.984251968504,
            -0.608616416338 1.34883253348 0.984251968504,
            -0.675093610424 1.31681880408 0.984251968504,
            -0.739892415426 1.28153125565 0.984251968504,
            -0.802851731304 1.2430576186 0.984251968504,
            -0.863815031279 1.20149354445 0.984251968504,
            -0.922630750981 1.15694236804 0.984251968504,
            -0.979152665265 1.10951485061 0.984251968504,
            -1.03324025175 1.05932890444 0.984251968504,
            -1.08475904016 1.00650929971 0.984251968504,
            -1.13358094669 0.951187354274 0.984251968504,
            -1.17958459237 0.893500607201 0.984251968504,
            -1.22265560489 0.833592476837 0.984251968504,
            -1.26268690294 0.771611904233 0.984251968504,
            -1.2995789624 0.707712982858 0.984251968504,
            -1.33324006379 0.642054575499 0.984251968504,
            -1.36358652032 0.574799919302 0.984251968504,
            -1.3905428859 0.506116219939 0.984251968504,
            -1.41404214278 0.436174235908 0.984251968504,
            -1.43402586808 0.365147854003 0.984251968504,
            -1.45044437914 0.293213656998 0.984251968504,
            -1.46325685693 0.220550484643 0.984251968504,
            -1.47243144762 0.147338989033 0.984251968504,
            -1.47794534173 0.0737611854811 0.984251968504,
            -1.47978483085 0 0.984251968504,
            -1.47978483085 0 1.37795275591,
            1.47978483085 1.81221375653e-16 1.37795275591,
            1.47794534173 0.0737611854811 1.37795275591,
            1.47243144762 0.147338989033 1.37795275591,
            1.46325685693 0.220550484643 1.37795275591,
            1.45044437914 0.293213656998 1.37795275591,
            1.43402586808 0.365147854003 1.37795275591,
            1.41404214278 0.436174235908 1.37795275591,
            1.3905428859 0.506116219939 1.37795275591,
            1.36358652032 0.574799919302 1.37795275591,
            1.33324006379 0.642054575499 1.37795275591,
            1.2995789624 0.707712982858 1.37795275591,
            1.26268690294 0.771611904233 1.37795275591,
            1.22265560489 0.833592476837 1.37795275591,
            1.17958459237 0.893500607201 1.37795275591,
            1.13358094669 0.951187354274 1.37795275591,
            1.08475904016 1.00650929971 1.37795275591,
            1.03324025175 1.05932890444 1.37795275591,
            0.979152665265 1.10951485061 1.37795275591,
            0.922630750981 1.15694236804 1.37795275591,
            0.863815031279 1.20149354445 1.37795275591,
            0.802851731304 1.2430576186 1.37795275591,
            0.739892415426 1.28153125565 1.37795275591,
            0.675093610424 1.31681880408 1.37795275591,
            0.608616416338 1.34883253348 1.37795275591,
            0.540626105945 1.37749285268 1.37795275591,
            0.471291713871 1.40272850761 1.37795275591,
            0.400785616339 1.42447675845 1.37795275591,
            0.329283102616 1.44268353562 1.37795275591,
            0.256961939217 1.45730357421 1.37795275591,
            0.184001927949 1.4683005265 1.37795275591,
            0.110584458897 1.47564705234 1.37795275591,
            0.0368920594566 1.47932488709 1.37795275591,
            -0.0368920594566 1.47932488709 1.37795275591,
            -0.110584458897 1.47564705234 1.37795275591,
            -0.184001927949 1.4683005265 1.37795275591,
            -0.256961939217 1.45730357421 1.37795275591,
            -0.329283102616 1.44268353562 1.37795275591,
            -0.400785616339 1.42447675845 1.37795275591,
            -0.471291713871 1.40272850761 1.37795275591,
            -0.540626105945 1.37749285268 1.37795275591,
            -0.608616416338 1.34883253348 1.37795275591,
            -0.675093610424 1.31681880408 1.37795275591,
            -0.739892415426 1.28153125565 1.37795275591,
            -0.802851731304 1.2430576186 1.37795275591,
            -0.863815031279 1.20149354445 1.37795275591,
            -0.922630750981 1.15694236804 1.37795275591,
            -0.979152665265 1.10951485061 1.37795275591,
            -1.03324025175 1.05932890444 1.37795275591,
            -1.08475904016 1.00650929971 1.37795275591,
            -1.13358094669 0.951187354274 1.37795275591,
            -1.17958459237 0.893500607201 1.37795275591,
            -1.22265560489 0.833592476837 1.37795275591,
            -1.26268690294 0.771611904233 1.37795275591,
            -1.2995789624 0.707712982858 1.37795275591,
            -1.33324006379 0.642054575499 1.37795275591,
            -1.36358652032 0.574799919302 1.37795275591,
            -1.3905428859 0.506116219939 1.37795275591,
            -1.41404214278 0.436174235908 1.37795275591,
            -1.43402586808 0.365147854003 1.37795275591,
            -1.45044437914 0.293213656998 1.37795275591,
            -1.46325685693 0.220550484643 1.37795275591,
            -1.47243144762 0.147338989033 1.37795275591,
            -1.47794534173 0.0737611854811 1.37795275591
            ]
        }
        normal Normal {
            vector [
-1 0 0,
            -0.998756921219 -0.0498458856605 0,
            -0.995030775365 -0.0995678465956 0,
            -0.988830826225 -0.149042266176 0,
            -0.980172487849 -0.198146143199 0,
            -0.969077286229 -0.24675739769 0,
            -0.955572805786 -0.294755174411 0,
            -0.939692620786 -0.342020143325 0,
            -0.92147621187 -0.388434796275 0,
            -0.900968867903 -0.433883739117 0,
            -0.87822157337 -0.478253978621 0,
            -0.853290881632 -0.521435203379 0,
            -0.826238774316 -0.563320058063 0,
            -0.797132507223 -0.603804410325 0,
            -0.766044443119 -0.642787609686 0,
            -0.73305187183 -0.680172737771 0,
            -0.698236818086 -0.71586684926 0,
            -0.661685837597 -0.749781202968 0,
            -0.623489801859 -0.781831482468 0,
            -0.583743672235 -0.811938005716 0,
            -0.542546263866 -0.840025923151 0,
            -0.5 -0.866025403784 0,
            -0.456210657353 -0.889871808811 0,
            -0.411287103131 -0.911505852312 0,
            -0.365341024367 -0.930873748644 0,
            -0.318486650252 -0.947927346167 0,
            -0.270840468143 -0.96262424695 0,
            -0.222520933957 -0.974927912182 0,
            -0.173648177667 -0.984807753012 0,
            -0.124343704648 -0.9922392066 0,
            -0.0747300935866 -0.997203797181 0,
            -0.0249306917383 -0.999689182001 0,
            0.0249306917379 -0.999689182001 0,
            0.0747300935862 -0.997203797181 0,
            0.124343704647 -0.9922392066 0,
            0.173648177667 -0.984807753012 0,
            0.222520933956 -0.974927912182 0,
            0.270840468143 -0.96262424695 0,
            0.318486650251 -0.947927346167 0,
            0.365341024366 -0.930873748644 0,
            0.41128710313 -0.911505852312 0,
            0.456210657353 -0.889871808812 0,
            0.5 -0.866025403785 0,
            0.542546263866 -0.840025923151 0,
            0.583743672235 -0.811938005716 0,
            0.623489801859 -0.781831482468 0,
            0.661685837597 -0.749781202968 0,
            0.698236818086 -0.71586684926 0,
            0.73305187183 -0.680172737771 0,
            0.766044443119 -0.642787609687 0,
            0.797132507223 -0.603804410326 0,
            0.826238774316 -0.563320058064 0,
            0.853290881632 -0.52143520338 0,
            0.87822157337 -0.478253978621 0,
            0.900968867902 -0.433883739118 0,
            0.92147621187 -0.388434796275 0,
            0.939692620786 -0.342020143326 0,
            0.955572805786 -0.294755174411 0,
            0.969077286229 -0.24675739769 0,
            0.980172487849 -0.1981461432 0,
            0.988830826225 -0.149042266176 0,
            0.995030775365 -0.099567846596 0,
            0.998756921219 -0.0498458856609 0,
            1 0 0,
            1 0 0,
            -1 0 0,
            -0.998756921219 -0.0498458856605 0,
            -0.995030775365 -0.0995678465956 0,
            -0.988830826225 -0.149042266176 0,
            -0.980172487849 -0.198146143199 0,
            -0.969077286229 -0.24675739769 0,
            -0.955572805786 -0.294755174411 0,
            -0.939692620786 -0.342020143325 0,
            -0.92147621187 -0.388434796275 0,
            -0.900968867903 -0.433883739117 0,
            -0.87822157337 -0.478253978621 0,
            -0.853290881632 -0.521435203379 0,
            -0.826238774316 -0.563320058063 0,
            -0.797132507223 -0.603804410325 0,
            -0.766044443119 -0.642787609686 0,
            -0.73305187183 -0.680172737771 0,
            -0.698236818086 -0.71586684926 0,
            -0.661685837597 -0.749781202968 0,
            -0.623489801859 -0.781831482468 0,
            -0.583743672235 -0.811938005716 0,
            -0.542546263866 -0.840025923151 0,
            -0.5 -0.866025403784 0,
            -0.456210657353 -0.889871808811 0,
            -0.411287103131 -0.911505852312 0,
            -0.365341024367 -0.930873748644 0,
            -0.318486650252 -0.947927346167 0,
            -0.270840468143 -0.96262424695 0,
            -0.222520933957 -0.974927912182 0,
            -0.173648177667 -0.984807753012 0,
            -0.124343704648 -0.9922392066 0,
            -0.0747300935866 -0.997203797181 0,
            -0.0249306917383 -0.999689182001 0,
            0.0249306917379 -0.999689182001 0,
            0.0747300935862 -0.997203797181 0,
            0.124343704647 -0.9922392066 0,
            0.173648177667 -0.984807753012 0,
            0.222520933956 -0.974927912182 0,
            0.270840468143 -0.96262424695 0,
            0.318486650251 -0.947927346167 0,
            0.365341024366 -0.930873748644 0,
            0.41128710313 -0.911505852312 0,
            0.456210657353 -0.889871808812 0,
            0.5 -0.866025403785 0,
            0.542546263866 -0.840025923151 0,
            0.583743672235 -0.811938005716 0,
            0.623489801859 -0.781831482468 0,
            0.661685837597 -0.749781202968 0,
            0.698236818086 -0.71586684926 0,
            0.73305187183 -0.680172737771 0,
            0.766044443119 -0.642787609687 0,
            0.797132507223 -0.603804410326 0,
            0.826238774316 -0.563320058064 0,
            0.853290881632 -0.52143520338 0,
            0.87822157337 -0.478253978621 0,
            0.900968867902 -0.433883739118 0,
            0.92147621187 -0.388434796275 0,
            0.939692620786 -0.342020143326 0,
            0.955572805786 -0.294755174411 0,
            0.969077286229 -0.24675739769 0,
            0.980172487849 -0.1981461432 0,
            0.988830826225 -0.149042266176 0,
            0.995030775365 -0.099567846596 0,
            0.998756921219 -0.0498458856609 0
            ]
        }
        coordIndex [
62,127,64, -1,
          62,64,63, -1,
          61,126,127, -1,
          61,127,62, -1,
          60,125,126, -1,
          60,126,61, -1,
          59,124,125, -1,
          59,125,60, -1,
          58,123,124, -1,
          58,124,59, -1,
          57,122,123, -1,
          57,123,58, -1,
          56,121,122, -1,
          56,122,57, -1,
          55,120,121, -1,
          55,121,56, -1,
          54,119,120, -1,
          54,120,55, -1,
          53,118,119, -1,
          53,119,54, -1,
          52,117,118, -1,
          52,118,53, -1,
          51,116,117, -1,
          51,117,52, -1,
          50,115,116, -1,
          50,116,51, -1,
          49,114,115, -1,
          49,115,50, -1,
          48,113,114, -1,
          48,114,49, -1,
          47,112,113, -1,
          47,113,48, -1,
          46,111,112, -1,
          46,112,47, -1,
          45,111,46, -1,
          45,110,111, -1,
          44,109,110, -1,
          44,110,45, -1,
          43,109,44, -1,
          43,108,109, -1,
          42,107,108, -1,
          42,108,43, -1,
          41,106,107, -1,
          41,107,42, -1,
          40,105,106, -1,
          40,106,41, -1,
          39,104,105, -1,
          39,105,40, -1,
          38,103,104, -1,
          38,104,39, -1,
          37,102,103, -1,
          37,103,38, -1,
          36,101,102, -1,
          36,102,37, -1,
          35,101,36, -1,
          35,100,101, -1,
          34,100,35, -1,
          34,99,100, -1,
          33,99,34, -1,
          33,98,99, -1,
          32,98,33, -1,
          32,97,98, -1,
          31,97,32, -1,
          31,96,97, -1,
          30,96,31, -1,
          30,95,96, -1,
          29,95,30, -1,
          29,93,94, -1,
          29,94,95, -1,
          28,93,29, -1,
          27,93,28, -1,
          27,92,93, -1,
          26,92,27, -1,
          26,91,92, -1,
          25,91,26, -1,
          25,90,91, -1,
          24,89,90, -1,
          24,90,25, -1,
          23,88,89, -1,
          23,89,24, -1,
          22,86,87, -1,
          22,87,88, -1,
          22,88,23, -1,
          21,86,22, -1,
          20,86,21, -1,
          20,84,85, -1,
          20,85,86, -1,
          19,84,20, -1,
          18,84,19, -1,
          18,83,84, -1,
          17,83,18, -1,
          17,82,83, -1,
          16,82,17, -1,
          16,81,82, -1,
          15,81,16, -1,
          15,80,81, -1,
          14,80,15, -1,
          14,79,80, -1,
          13,79,14, -1,
          13,78,79, -1,
          12,78,13, -1,
          12,77,78, -1,
          11,77,12, -1,
          11,76,77, -1,
          10,76,11, -1,
          10,75,76, -1,
          9,75,10, -1,
          9,74,75, -1,
          8,74,9, -1,
          8,73,74, -1,
          7,73,8, -1,
          7,72,73, -1,
          6,72,7, -1,
          6,71,72, -1,
          5,71,6, -1,
          5,70,71, -1,
          4,69,70, -1,
          4,70,5, -1,
          3,68,69, -1,
          3,69,4, -1,
          2,67,68, -1,
          2,68,3, -1,
          1,66,67, -1,
          1,67,2, -1,
          0,65,66, -1,
          0,66,1, -1
        ]
    }
}

Shape{
    appearance Appearance {
        material Material {
            diffuseColor 0.85098 0.85098 0.85098
            specularColor 0.5 0.5 0.5
            ambientIntensity 0.2235
            transparency 0.0
            shininess 0.5
        }
    }
    geometry IndexedFaceSet {
        ccw TRUE
        solid FALSE
        coord Coordinate {
            point [
-0.11811023622 -0.787401574803 -1.77165354331,
            -0.117963415892 -0.781514265473 -1.77165354331,
            -0.117523319925 -0.775641592922 -1.77165354331,
            -0.116791042468 -0.769798157538 -1.77165354331,
            -0.115768404077 -0.763998487024 -1.77165354331,
            -0.114457947192 -0.758257000273 -1.77165354331,
            -0.112862929817 -0.752587971526 -1.77165354331,
            -0.110987317416 -0.747005494883 -1.77165354331,
            -0.108835773056 -0.741523449259 -1.77165354331,
            -0.106413645815 -0.736155463884 -1.77165354331,
            -0.103726957485 -0.730914884415 -1.77165354331,
            -0.100782387594 -0.725814739758 -1.77165354331,
            -0.097587256809 -0.720867709678 -1.77165354331,
            -0.0941495087271 -0.716086093269 -1.77165354331,
            -0.0904776901322 -0.711481778383 -1.77165354331,
            -0.0865809297437 -0.707066212074 -1.77165354331,
            -0.082468915522 -0.702850372135 -1.77165354331,
            -0.0781518705823 -0.698844739807 -1.77165354331,
            -0.0736405277786 -0.695059273724 -1.77165354331,
            -0.0689461030199 -0.691503385152 -1.77165354331,
            -0.0640802673857 -0.688185914588 -1.77165354331,
            -0.0590551181102 -0.685115109789 -1.77165354331,
            -0.0538831485063 -0.682298605258 -1.77165354331,
            -0.0485772169052 -0.67974340327 -1.77165354331,
            -0.0431505146889 -0.677455856459 -1.77165354331,
            -0.0376165334943 -0.675441652028 -1.77165354331,
            -0.0319890316704 -0.673705797604 -1.77165354331,
            -0.0262820000736 -0.672252608797 -1.77165354331,
            -0.0205096272835 -0.671085698463 -1.77165354331,
            -0.0146862643284 -0.670207967724 -1.77165354331,
            -0.00882638900627 -0.669621598758 -1.77165354331,
            -0.00294456989032 -0.66932804937 -1.77165354331,
            0.00294456989032 -0.66932804937 -1.77165354331,
            0.00882638900627 -0.669621598758 -1.77165354331,
            0.0146862643284 -0.670207967724 -1.77165354331,
            0.0205096272835 -0.671085698463 -1.77165354331,
            0.0262820000736 -0.672252608797 -1.77165354331,
            0.0319890316704 -0.673705797604 -1.77165354331,
            0.0376165334943 -0.675441652028 -1.77165354331,
            0.0431505146889 -0.677455856459 -1.77165354331,
            0.0485772169052 -0.67974340327 -1.77165354331,
            0.0538831485063 -0.682298605258 -1.77165354331,
            0.0590551181102 -0.685115109789 -1.77165354331,
            0.0640802673857 -0.688185914588 -1.77165354331,
            0.0689461030199 -0.691503385152 -1.77165354331,
            0.0736405277786 -0.695059273724 -1.77165354331,
            0.0781518705823 -0.698844739807 -1.77165354331,
            0.082468915522 -0.702850372135 -1.77165354331,
            0.0865809297437 -0.707066212074 -1.77165354331,
            0.0904776901322 -0.711481778383 -1.77165354331,
            0.0941495087271 -0.716086093269 -1.77165354331,
            0.097587256809 -0.720867709678 -1.77165354331,
            0.100782387594 -0.725814739758 -1.77165354331,
            0.103726957485 -0.730914884415 -1.77165354331,
            0.106413645815 -0.736155463884 -1.77165354331,
            0.108835773056 -0.741523449259 -1.77165354331,
            0.110987317416 -0.747005494883 -1.77165354331,
            0.112862929817 -0.752587971526 -1.77165354331,
            0.114457947192 -0.758257000273 -1.77165354331,
            0.115768404077 -0.763998487024 -1.77165354331,
            0.116791042468 -0.769798157538 -1.77165354331,
            0.117523319925 -0.775641592922 -1.77165354331,
            0.117963415892 -0.781514265473 -1.77165354331,
            0.11811023622 -0.787401574803 -1.77165354331,
            0.117963415892 -0.793288884133 -1.77165354331,
            0.117523319925 -0.799161556685 -1.77165354331,
            0.116791042468 -0.805004992068 -1.77165354331,
            0.115768404077 -0.810804662583 -1.77165354331,
            0.114457947192 -0.816546149333 -1.77165354331,
            0.112862929817 -0.82221517808 -1.77165354331,
            0.110987317416 -0.827797654724 -1.77165354331,
            0.108835773056 -0.833279700347 -1.77165354331,
            0.106413645815 -0.838647685723 -1.77165354331,
            0.103726957485 -0.843888265191 -1.77165354331,
            0.100782387594 -0.848988409848 -1.77165354331,
            0.097587256809 -0.853935439929 -1.77165354331,
            0.0941495087271 -0.858717056338 -1.77165354331,
            0.0904776901322 -0.863321371223 -1.77165354331,
            0.0865809297437 -0.867736937532 -1.77165354331,
            0.082468915522 -0.871952777472 -1.77165354331,
            0.0781518705823 -0.875958409799 -1.77165354331,
            0.0736405277786 -0.879743875882 -1.77165354331,
            0.0689461030199 -0.883299764455 -1.77165354331,
            0.0640802673857 -0.886617235018 -1.77165354331,
            0.0590551181102 -0.889688039817 -1.77165354331,
            0.0538831485063 -0.892504544348 -1.77165354331,
            0.0485772169052 -0.895059746336 -1.77165354331,
            0.0431505146889 -0.897347293147 -1.77165354331,
            0.0376165334943 -0.899361497579 -1.77165354331,
            0.0319890316704 -0.901097352002 -1.77165354331,
            0.0262820000736 -0.902550540809 -1.77165354331,
            0.0205096272835 -0.903717451143 -1.77165354331,
            0.0146862643284 -0.904595181882 -1.77165354331,
            0.00882638900627 -0.905181550848 -1.77165354331,
            0.00294456989032 -0.905475100236 -1.77165354331,
            -0.00294456989032 -0.905475100236 -1.77165354331,
            -0.00882638900627 -0.905181550848 -1.77165354331,
            -0.0146862643284 -0.904595181882 -1.77165354331,
            -0.0205096272835 -0.903717451143 -1.77165354331,
            -0.0262820000736 -0.902550540809 -1.77165354331,
            -0.0319890316704 -0.901097352002 -1.77165354331,
            -0.0376165334943 -0.899361497579 -1.77165354331,
            -0.0431505146889 -0.897347293147 -1.77165354331,
            -0.0485772169052 -0.895059746336 -1.77165354331,
            -0.0538831485063 -0.892504544348 -1.77165354331,
            -0.0590551181102 -0.889688039817 -1.77165354331,
            -0.0640802673857 -0.886617235018 -1.77165354331,
            -0.0689461030199 -0.883299764455 -1.77165354331,
            -0.0736405277786 -0.879743875882 -1.77165354331,
            -0.0781518705823 -0.875958409799 -1.77165354331,
            -0.082468915522 -0.871952777472 -1.77165354331,
            -0.0865809297437 -0.867736937532 -1.77165354331,
            -0.0904776901322 -0.863321371223 -1.77165354331,
            -0.0941495087271 -0.858717056338 -1.77165354331,
            -0.097587256809 -0.853935439929 -1.77165354331,
            -0.100782387594 -0.848988409848 -1.77165354331,
            -0.103726957485 -0.843888265191 -1.77165354331,
            -0.106413645815 -0.838647685723 -1.77165354331,
            -0.108835773056 -0.833279700347 -1.77165354331,
            -0.110987317416 -0.827797654724 -1.77165354331,
            -0.112862929817 -0.82221517808 -1.77165354331,
            -0.114457947192 -0.816546149333 -1.77165354331,
            -0.115768404077 -0.810804662583 -1.77165354331,
            -0.116791042468 -0.805004992068 -1.77165354331,
            -0.117523319925 -0.799161556685 -1.77165354331,
            -0.117963415892 -0.793288884133 -1.77165354331
            ]
        }
        normal Normal {
            vector [
0 0 -1,
            0 0 -1,
            0 0 -1,
            0 0 -1,
            0 0 -1,
            0 0 -1,
            0 0 -1,
            0 0 -1,
            0 0 -1,
            0 0 -1,
            0 0 -1,
            0 0 -1,
            0 0 -1,
            0 0 -1,
            0 0 -1,
            0 0 -1,
            0 0 -1,
            0 0 -1,
            0 0 -1,
            0 0 -1,
            0 0 -1,
            0 0 -1,
            0 0 -1,
            0 0 -1,
            0 0 -1,
            0 0 -1,
            0 0 -1,
            0 0 -1,
            0 0 -1,
            0 0 -1,
            0 0 -1,
            0 0 -1,
            0 0 -1,
            0 0 -1,
            0 0 -1,
            0 0 -1,
            0 0 -1,
            0 0 -1,
            0 0 -1,
            0 0 -1,
            0 0 -1,
            0 0 -1,
            0 0 -1,
            0 0 -1,
            0 0 -1,
            0 0 -1,
            0 0 -1,
            0 0 -1,
            0 0 -1,
            0 0 -1,
            0 0 -1,
            0 0 -1,
            0 0 -1,
            0 0 -1,
            0 0 -1,
            0 0 -1,
            0 0 -1,
            0 0 -1,
            0 0 -1,
            0 0 -1,
            0 0 -1,
            0 0 -1,
            0 0 -1,
            0 0 -1,
            0 0 -1,
            0 0 -1,
            0 0 -1,
            0 0 -1,
            0 0 -1,
            0 0 -1,
            0 0 -1,
            0 0 -1,
            0 0 -1,
            0 0 -1,
            0 0 -1,
            0 0 -1,
            0 0 -1,
            0 0 -1,
            0 0 -1,
            0 0 -1,
            0 0 -1,
            0 0 -1,
            0 0 -1,
            0 0 -1,
            0 0 -1,
            0 0 -1,
            0 0 -1,
            0 0 -1,
            0 0 -1,
            0 0 -1,
            0 0 -1,
            0 0 -1,
            0 0 -1,
            0 0 -1,
            0 0 -1,
            0 0 -1,
            0 0 -1,
            0 0 -1,
            0 0 -1,
            0 0 -1,
            0 0 -1,
            0 0 -1,
            0 0 -1,
            0 0 -1,
            0 0 -1,
            0 0 -1,
            0 0 -1,
            0 0 -1,
            0 0 -1,
            0 0 -1,
            0 0 -1,
            0 0 -1,
            0 0 -1,
            0 0 -1,
            0 0 -1,
            0 0 -1,
            0 0 -1,
            0 0 -1,
            0 0 -1,
            0 0 -1,
            0 0 -1,
            0 0 -1,
            0 0 -1,
            0 0 -1,
            0 0 -1,
            0 0 -1
            ]
        }
        coordIndex [
11,7,8, -1,
          11,8,9, -1,
          11,9,10, -1,
          13,7,11, -1,
          13,11,12, -1,
          17,18,19, -1,
          17,19,20, -1,
          15,13,14, -1,
          99,97,98, -1,
          16,100,101, -1,
          16,102,104, -1,
          16,101,102, -1,
          16,104,105, -1,
          16,29,31, -1,
          16,97,99, -1,
          16,25,28, -1,
          16,125,2, -1,
          16,117,118, -1,
          16,21,25, -1,
          16,110,112, -1,
          16,112,114, -1,
          16,20,21, -1,
          16,118,122, -1,
          16,28,29, -1,
          16,2,4, -1,
          16,43,45, -1,
          16,31,32, -1,
          16,32,33, -1,
          16,33,34, -1,
          16,37,38, -1,
          16,38,39, -1,
          16,39,40, -1,
          16,40,41, -1,
          16,49,51, -1,
          16,7,13, -1,
          16,4,7, -1,
          16,51,52, -1,
          16,52,53, -1,
          16,45,49, -1,
          16,53,54, -1,
          16,54,55, -1,
          16,55,56, -1,
          16,56,57, -1,
          16,13,15, -1,
          16,57,58, -1,
          16,58,59, -1,
          16,59,60, -1,
          16,60,61, -1,
          16,61,62, -1,
          16,62,63, -1,
          16,17,20, -1,
          16,63,64, -1,
          16,64,65, -1,
          16,65,66, -1,
          16,66,67, -1,
          16,67,68, -1,
          16,68,69, -1,
          16,69,70, -1,
          16,70,71, -1,
          16,71,72, -1,
          16,114,117, -1,
          16,72,73, -1,
          16,73,74, -1,
          16,74,75, -1,
          16,41,43, -1,
          16,75,76, -1,
          16,76,77, -1,
          16,77,78, -1,
          16,78,79, -1,
          16,79,80, -1,
          16,80,81, -1,
          16,81,82, -1,
          16,82,83, -1,
          16,83,84, -1,
          16,84,85, -1,
          16,85,86, -1,
          16,86,87, -1,
          16,34,37, -1,
          16,87,88, -1,
          16,88,89, -1,
          16,89,90, -1,
          16,105,110, -1,
          16,90,91, -1,
          16,91,92, -1,
          16,92,93, -1,
          16,93,94, -1,
          16,122,125, -1,
          16,94,95, -1,
          16,95,96, -1,
          16,96,97, -1,
          16,99,100, -1,
          104,102,103, -1,
          49,50,51, -1,
          109,105,106, -1,
          109,106,107, -1,
          109,107,108, -1,
          110,105,109, -1,
          112,110,111, -1,
          45,46,47, -1,
          45,47,48, -1,
          45,48,49, -1,
          114,112,113, -1,
          43,44,45, -1,
          41,42,43, -1,
          117,114,115, -1,
          117,115,116, -1,
          120,118,119, -1,
          121,118,120, -1,
          122,118,121, -1,
          34,35,36, -1,
          34,36,37, -1,
          125,122,123, -1,
          125,123,124, -1,
          2,0,1, -1,
          2,125,0, -1,
          29,30,31, -1,
          4,2,3, -1,
          25,26,27, -1,
          25,27,28, -1,
          7,4,5, -1,
          7,5,6, -1,
          21,22,23, -1,
          21,23,24, -1,
          21,24,25, -1
        ]
    }
}

Shape{
    appearance Appearance {
        material Material {
            diffuseColor 0.85098 0.85098 0.85098
            specularColor 0.5 0.5 0.5
            ambientIntensity 0.2235
            transparency 0.0
            shininess 0.5
        }
    }
    geometry IndexedFaceSet {
        ccw TRUE
        solid FALSE
        coord Coordinate {
            point [
-0.11811023622 0.787401574803 -1.77165354331,
            -0.117963415892 0.793288884133 -1.77165354331,
            -0.117523319925 0.799161556685 -1.77165354331,
            -0.116791042468 0.805004992068 -1.77165354331,
            -0.115768404077 0.810804662583 -1.77165354331,
            -0.114457947192 0.816546149333 -1.77165354331,
            -0.112862929817 0.82221517808 -1.77165354331,
            -0.110987317416 0.827797654724 -1.77165354331,
            -0.108835773056 0.833279700347 -1.77165354331,
            -0.106413645815 0.838647685723 -1.77165354331,
            -0.103726957485 0.843888265191 -1.77165354331,
            -0.100782387594 0.848988409848 -1.77165354331,
            -0.097587256809 0.853935439929 -1.77165354331,
            -0.0941495087271 0.858717056338 -1.77165354331,
            -0.0904776901322 0.863321371223 -1.77165354331,
            -0.0865809297437 0.867736937532 -1.77165354331,
            -0.082468915522 0.871952777472 -1.77165354331,
            -0.0781518705823 0.875958409799 -1.77165354331,
            -0.0736405277786 0.879743875882 -1.77165354331,
            -0.0689461030199 0.883299764455 -1.77165354331,
            -0.0640802673857 0.886617235018 -1.77165354331,
            -0.0590551181102 0.889688039817 -1.77165354331,
            -0.0538831485063 0.892504544348 -1.77165354331,
            -0.0485772169052 0.895059746336 -1.77165354331,
            -0.0431505146889 0.897347293147 -1.77165354331,
            -0.0376165334943 0.899361497579 -1.77165354331,
            -0.0319890316704 0.901097352002 -1.77165354331,
            -0.0262820000736 0.902550540809 -1.77165354331,
            -0.0205096272835 0.903717451143 -1.77165354331,
            -0.0146862643284 0.904595181882 -1.77165354331,
            -0.00882638900627 0.905181550848 -1.77165354331,
            -0.00294456989032 0.905475100236 -1.77165354331,
            0.00294456989032 0.905475100236 -1.77165354331,
            0.00882638900627 0.905181550848 -1.77165354331,
            0.0146862643284 0.904595181882 -1.77165354331,
            0.0205096272835 0.903717451143 -1.77165354331,
            0.0262820000736 0.902550540809 -1.77165354331,
            0.0319890316704 0.901097352002 -1.77165354331,
            0.0376165334943 0.899361497579 -1.77165354331,
            0.0431505146889 0.897347293147 -1.77165354331,
            0.0485772169052 0.895059746336 -1.77165354331,
            0.0538831485063 0.892504544348 -1.77165354331,
            0.0590551181102 0.889688039817 -1.77165354331,
            0.0640802673857 0.886617235018 -1.77165354331,
            0.0689461030199 0.883299764455 -1.77165354331,
            0.0736405277786 0.879743875882 -1.77165354331,
            0.0781518705823 0.875958409799 -1.77165354331,
            0.082468915522 0.871952777472 -1.77165354331,
            0.0865809297437 0.867736937532 -1.77165354331,
            0.0904776901322 0.863321371223 -1.77165354331,
            0.0941495087271 0.858717056338 -1.77165354331,
            0.097587256809 0.853935439929 -1.77165354331,
            0.100782387594 0.848988409848 -1.77165354331,
            0.103726957485 0.843888265191 -1.77165354331,
            0.106413645815 0.838647685723 -1.77165354331,
            0.108835773056 0.833279700347 -1.77165354331,
            0.110987317416 0.827797654724 -1.77165354331,
            0.112862929817 0.82221517808 -1.77165354331,
            0.114457947192 0.816546149333 -1.77165354331,
            0.115768404077 0.810804662583 -1.77165354331,
            0.116791042468 0.805004992068 -1.77165354331,
            0.117523319925 0.799161556685 -1.77165354331,
            0.117963415892 0.793288884133 -1.77165354331,
            0.11811023622 0.787401574803 -1.77165354331,
            0.117963415892 0.781514265473 -1.77165354331,
            0.117523319925 0.775641592922 -1.77165354331,
            0.116791042468 0.769798157538 -1.77165354331,
            0.115768404077 0.763998487024 -1.77165354331,
            0.114457947192 0.758257000273 -1.77165354331,
            0.112862929817 0.752587971526 -1.77165354331,
            0.110987317416 0.747005494883 -1.77165354331,
            0.108835773056 0.741523449259 -1.77165354331,
            0.106413645815 0.736155463884 -1.77165354331,
            0.103726957485 0.730914884415 -1.77165354331,
            0.100782387594 0.725814739758 -1.77165354331,
            0.097587256809 0.720867709678 -1.77165354331,
            0.0941495087271 0.716086093269 -1.77165354331,
            0.0904776901322 0.711481778383 -1.77165354331,
            0.0865809297437 0.707066212074 -1.77165354331,
            0.082468915522 0.702850372135 -1.77165354331,
            0.0781518705823 0.698844739807 -1.77165354331,
            0.0736405277786 0.695059273724 -1.77165354331,
            0.0689461030199 0.691503385152 -1.77165354331,
            0.0640802673857 0.688185914588 -1.77165354331,
            0.0590551181102 0.685115109789 -1.77165354331,
            0.0538831485063 0.682298605258 -1.77165354331,
            0.0485772169052 0.67974340327 -1.77165354331,
            0.0431505146889 0.677455856459 -1.77165354331,
            0.0376165334943 0.675441652028 -1.77165354331,
            0.0319890316704 0.673705797604 -1.77165354331,
            0.0262820000736 0.672252608797 -1.77165354331,
            0.0205096272835 0.671085698463 -1.77165354331,
            0.0146862643284 0.670207967724 -1.77165354331,
            0.00882638900627 0.669621598758 -1.77165354331,
            0.00294456989032 0.66932804937 -1.77165354331,
            -0.00294456989032 0.66932804937 -1.77165354331,
            -0.00882638900627 0.669621598758 -1.77165354331,
            -0.0146862643284 0.670207967724 -1.77165354331,
            -0.0205096272835 0.671085698463 -1.77165354331,
            -0.0262820000736 0.672252608797 -1.77165354331,
            -0.0319890316704 0.673705797604 -1.77165354331,
            -0.0376165334943 0.675441652028 -1.77165354331,
            -0.0431505146889 0.677455856459 -1.77165354331,
            -0.0485772169052 0.67974340327 -1.77165354331,
            -0.0538831485063 0.682298605258 -1.77165354331,
            -0.0590551181102 0.685115109789 -1.77165354331,
            -0.0640802673857 0.688185914588 -1.77165354331,
            -0.0689461030199 0.691503385152 -1.77165354331,
            -0.0736405277786 0.695059273724 -1.77165354331,
            -0.0781518705823 0.698844739807 -1.77165354331,
            -0.082468915522 0.702850372135 -1.77165354331,
            -0.0865809297437 0.707066212074 -1.77165354331,
            -0.0904776901322 0.711481778383 -1.77165354331,
            -0.0941495087271 0.716086093269 -1.77165354331,
            -0.097587256809 0.720867709678 -1.77165354331,
            -0.100782387594 0.725814739758 -1.77165354331,
            -0.103726957485 0.730914884415 -1.77165354331,
            -0.106413645815 0.736155463884 -1.77165354331,
            -0.108835773056 0.741523449259 -1.77165354331,
            -0.110987317416 0.747005494883 -1.77165354331,
            -0.112862929817 0.752587971526 -1.77165354331,
            -0.114457947192 0.758257000273 -1.77165354331,
            -0.115768404077 0.763998487024 -1.77165354331,
            -0.116791042468 0.769798157538 -1.77165354331,
            -0.117523319925 0.775641592922 -1.77165354331,
            -0.117963415892 0.781514265473 -1.77165354331
            ]
        }
        normal Normal {
            vector [
0 0 -1,
            0 0 -1,
            0 0 -1,
            0 0 -1,
            0 0 -1,
            0 0 -1,
            0 0 -1,
            0 0 -1,
            0 0 -1,
            0 0 -1,
            0 0 -1,
            0 0 -1,
            0 0 -1,
            0 0 -1,
            0 0 -1,
            0 0 -1,
            0 0 -1,
            0 0 -1,
            0 0 -1,
            0 0 -1,
            0 0 -1,
            0 0 -1,
            0 0 -1,
            0 0 -1,
            0 0 -1,
            0 0 -1,
            0 0 -1,
            0 0 -1,
            0 0 -1,
            0 0 -1,
            0 0 -1,
            0 0 -1,
            0 0 -1,
            0 0 -1,
            0 0 -1,
            0 0 -1,
            0 0 -1,
            0 0 -1,
            0 0 -1,
            0 0 -1,
            0 0 -1,
            0 0 -1,
            0 0 -1,
            0 0 -1,
            0 0 -1,
            0 0 -1,
            0 0 -1,
            0 0 -1,
            0 0 -1,
            0 0 -1,
            0 0 -1,
            0 0 -1,
            0 0 -1,
            0 0 -1,
            0 0 -1,
            0 0 -1,
            0 0 -1,
            0 0 -1,
            0 0 -1,
            0 0 -1,
            0 0 -1,
            0 0 -1,
            0 0 -1,
            0 0 -1,
            0 0 -1,
            0 0 -1,
            0 0 -1,
            0 0 -1,
            0 0 -1,
            0 0 -1,
            0 0 -1,
            0 0 -1,
            0 0 -1,
            0 0 -1,
            0 0 -1,
            0 0 -1,
            0 0 -1,
            0 0 -1,
            0 0 -1,
            0 0 -1,
            0 0 -1,
            0 0 -1,
            0 0 -1,
            0 0 -1,
            0 0 -1,
            0 0 -1,
            0 0 -1,
            0 0 -1,
            0 0 -1,
            0 0 -1,
            0 0 -1,
            0 0 -1,
            0 0 -1,
            0 0 -1,
            0 0 -1,
            0 0 -1,
            0 0 -1,
            0 0 -1,
            0 0 -1,
            0 0 -1,
            0 0 -1,
            0 0 -1,
            0 0 -1,
            0 0 -1,
            0 0 -1,
            0 0 -1,
            0 0 -1,
            0 0 -1,
            0 0 -1,
            0 0 -1,
            0 0 -1,
            0 0 -1,
            0 0 -1,
            0 0 -1,
            0 0 -1,
            0 0 -1,
            0 0 -1,
            0 0 -1,
            0 0 -1,
            0 0 -1,
            0 0 -1,
            0 0 -1,
            0 0 -1,
            0 0 -1,
            0 0 -1,
            0 0 -1
            ]
        }
        coordIndex [
19,20,21, -1,
          19,21,22, -1,
          13,11,12, -1,
          17,18,19, -1,
          16,101,102, -1,
          16,102,103, -1,
          16,105,110, -1,
          16,52,54, -1,
          16,19,22, -1,
          16,22,27, -1,
          16,13,14, -1,
          16,47,49, -1,
          16,14,15, -1,
          16,2,4, -1,
          16,110,112, -1,
          16,99,101, -1,
          16,55,57, -1,
          16,112,122, -1,
          16,27,28, -1,
          16,11,13, -1,
          16,31,32, -1,
          16,32,33, -1,
          16,33,34, -1,
          16,34,35, -1,
          16,35,36, -1,
          16,36,37, -1,
          16,37,38, -1,
          16,42,44, -1,
          16,40,41, -1,
          16,41,42, -1,
          16,44,45, -1,
          16,45,46, -1,
          16,46,47, -1,
          16,49,50, -1,
          16,50,51, -1,
          16,51,52, -1,
          16,54,55, -1,
          16,57,58, -1,
          16,58,59, -1,
          16,122,125, -1,
          16,59,60, -1,
          16,60,61, -1,
          16,61,62, -1,
          16,62,63, -1,
          16,63,64, -1,
          16,64,65, -1,
          16,65,66, -1,
          16,28,31, -1,
          16,66,67, -1,
          16,4,8, -1,
          16,67,68, -1,
          16,17,19, -1,
          16,68,69, -1,
          16,69,70, -1,
          16,70,71, -1,
          16,71,72, -1,
          16,72,73, -1,
          16,73,74, -1,
          16,125,2, -1,
          16,74,75, -1,
          16,75,76, -1,
          16,76,77, -1,
          16,77,78, -1,
          16,78,79, -1,
          16,79,80, -1,
          16,38,40, -1,
          16,80,81, -1,
          16,81,82, -1,
          16,82,83, -1,
          16,83,84, -1,
          16,84,85, -1,
          16,85,86, -1,
          16,86,87, -1,
          16,87,88, -1,
          16,88,89, -1,
          16,89,90, -1,
          16,90,91, -1,
          16,91,92, -1,
          16,92,93, -1,
          16,93,94, -1,
          16,103,105, -1,
          16,94,95, -1,
          16,95,96, -1,
          16,8,11, -1,
          16,96,97, -1,
          16,97,98, -1,
          16,98,99, -1,
          101,99,100, -1,
          55,56,57, -1,
          105,103,104, -1,
          52,53,54, -1,
          109,107,108, -1,
          110,105,106, -1,
          110,106,107, -1,
          110,107,109, -1,
          47,48,49, -1,
          112,110,111, -1,
          114,112,113, -1,
          42,43,44, -1,
          117,114,115, -1,
          117,115,116, -1,
          118,114,117, -1,
          119,114,118, -1,
          38,39,40, -1,
          121,119,120, -1,
          122,112,114, -1,
          122,114,119, -1,
          122,119,121, -1,
          124,122,123, -1,
          125,122,124, -1,
          2,0,1, -1,
          2,125,0, -1,
          28,29,30, -1,
          28,30,31, -1,
          4,2,3, -1,
          7,5,6, -1,
          24,25,26, -1,
          8,4,5, -1,
          8,5,7, -1,
          22,23,24, -1,
          22,26,27, -1,
          22,24,26, -1,
          10,8,9, -1,
          11,8,10, -1
        ]
    }
}

Shape{
    appearance Appearance {
        material Material {
            diffuseColor 0.85098 0.85098 0.85098
            specularColor 0.5 0.5 0.5
            ambientIntensity 0.2235
            transparency 0.0
            shininess 0.5
        }
    }
    geometry IndexedFaceSet {
        ccw TRUE
        solid FALSE
        coord Coordinate {
            point [
-1.47978483085 0 0.984251968504,
            -1.47794534173 -0.0737611854811 0.984251968504,
            -1.47243144762 -0.147338989033 0.984251968504,
            -1.46325685693 -0.220550484643 0.984251968504,
            -1.45044437914 -0.293213656998 0.984251968504,
            -1.43402586808 -0.365147854003 0.984251968504,
            -1.41404214278 -0.436174235908 0.984251968504,
            -1.3905428859 -0.506116219939 0.984251968504,
            -1.36358652032 -0.574799919302 0.984251968504,
            -1.33324006379 -0.642054575499 0.984251968504,
            -1.2995789624 -0.707712982858 0.984251968504,
            -1.26268690294 -0.771611904233 0.984251968504,
            -1.22265560489 -0.833592476837 0.984251968504,
            -1.17958459237 -0.893500607201 0.984251968504,
            -1.13358094669 -0.951187354274 0.984251968504,
            -1.08475904016 -1.00650929971 0.984251968504,
            -1.03324025175 -1.05932890444 0.984251968504,
            -0.979152665265 -1.10951485061 0.984251968504,
            -0.922630750981 -1.15694236804 0.984251968504,
            -0.863815031279 -1.20149354445 0.984251968504,
            -0.802851731304 -1.2430576186 0.984251968504,
            -0.739892415426 -1.28153125565 0.984251968504,
            -0.675093610424 -1.31681880408 0.984251968504,
            -0.608616416338 -1.34883253348 0.984251968504,
            -0.540626105945 -1.37749285268 0.984251968504,
            -0.471291713871 -1.40272850761 0.984251968504,
            -0.400785616339 -1.42447675845 0.984251968504,
            -0.329283102616 -1.44268353562 0.984251968504,
            -0.256961939217 -1.45730357421 0.984251968504,
            -0.184001927949 -1.4683005265 0.984251968504,
            -0.110584458897 -1.47564705234 0.984251968504,
            -0.0368920594566 -1.47932488709 0.984251968504,
            0.0368920594567 -1.47932488709 0.984251968504,
            0.110584458897 -1.47564705234 0.984251968504,
            0.184001927949 -1.4683005265 0.984251968504,
            0.256961939217 -1.45730357421 0.984251968504,
            0.329283102616 -1.44268353562 0.984251968504,
            0.400785616339 -1.42447675845 0.984251968504,
            0.471291713871 -1.40272850761 0.984251968504,
            0.540626105945 -1.37749285268 0.984251968504,
            0.608616416338 -1.34883253348 0.984251968504,
            0.675093610424 -1.31681880408 0.984251968504,
            0.739892415426 -1.28153125565 0.984251968504,
            0.802851731304 -1.2430576186 0.984251968504,
            0.863815031279 -1.20149354445 0.984251968504,
            0.922630750981 -1.15694236804 0.984251968504,
            0.979152665265 -1.10951485061 0.984251968504,
            1.03324025175 -1.05932890444 0.984251968504,
            1.08475904016 -1.00650929971 0.984251968504,
            1.13358094669 -0.951187354274 0.984251968504,
            1.17958459237 -0.893500607201 0.984251968504,
            1.22265560489 -0.833592476837 0.984251968504,
            1.26268690294 -0.771611904233 0.984251968504,
            1.2995789624 -0.707712982858 0.984251968504,
            1.33324006379 -0.642054575499 0.984251968504,
            1.36358652032 -0.574799919302 0.984251968504,
            1.3905428859 -0.506116219939 0.984251968504,
            1.41404214278 -0.436174235908 0.984251968504,
            1.43402586808 -0.365147854003 0.984251968504,
            1.45044437914 -0.293213656998 0.984251968504,
            1.46325685693 -0.220550484643 0.984251968504,
            1.47243144762 -0.147338989033 0.984251968504,
            1.47794534173 -0.0737611854811 0.984251968504,
            1.47978483085 1.81221375653e-16 0.984251968504,
            1.47794534173 0.0737611854811 0.984251968504,
            1.47243144762 0.147338989033 0.984251968504,
            1.46325685693 0.220550484643 0.984251968504,
            1.45044437914 0.293213656998 0.984251968504,
            1.43402586808 0.365147854003 0.984251968504,
            1.41404214278 0.436174235908 0.984251968504,
            1.3905428859 0.506116219939 0.984251968504,
            1.36358652032 0.574799919302 0.984251968504,
            1.33324006379 0.642054575499 0.984251968504,
            1.2995789624 0.707712982858 0.984251968504,
            1.26268690294 0.771611904233 0.984251968504,
            1.22265560489 0.833592476837 0.984251968504,
            1.17958459237 0.893500607201 0.984251968504,
            1.13358094669 0.951187354274 0.984251968504,
            1.08475904016 1.00650929971 0.984251968504,
            1.03324025175 1.05932890444 0.984251968504,
            0.979152665265 1.10951485061 0.984251968504,
            0.922630750981 1.15694236804 0.984251968504,
            0.863815031279 1.20149354445 0.984251968504,
            0.802851731304 1.2430576186 0.984251968504,
            0.739892415426 1.28153125565 0.984251968504,
            0.675093610424 1.31681880408 0.984251968504,
            0.608616416338 1.34883253348 0.984251968504,
            0.540626105945 1.37749285268 0.984251968504,
            0.471291713871 1.40272850761 0.984251968504,
            0.400785616339 1.42447675845 0.984251968504,
            0.329283102616 1.44268353562 0.984251968504,
            0.256961939217 1.45730357421 0.984251968504,
            0.184001927949 1.4683005265 0.984251968504,
            0.110584458897 1.47564705234 0.984251968504,
            0.0368920594566 1.47932488709 0.984251968504,
            -0.0368920594566 1.47932488709 0.984251968504,
            -0.110584458897 1.47564705234 0.984251968504,
            -0.184001927949 1.4683005265 0.984251968504,
            -0.256961939217 1.45730357421 0.984251968504,
            -0.329283102616 1.44268353562 0.984251968504,
            -0.400785616339 1.42447675845 0.984251968504,
            -0.471291713871 1.40272850761 0.984251968504,
            -0.540626105945 1.37749285268 0.984251968504,
            -0.608616416338 1.34883253348 0.984251968504,
            -0.675093610424 1.31681880408 0.984251968504,
            -0.739892415426 1.28153125565 0.984251968504,
            -0.802851731304 1.2430576186 0.984251968504,
            -0.863815031279 1.20149354445 0.984251968504,
            -0.922630750981 1.15694236804 0.984251968504,
            -0.979152665265 1.10951485061 0.984251968504,
            -1.03324025175 1.05932890444 0.984251968504,
            -1.08475904016 1.00650929971 0.984251968504,
            -1.13358094669 0.951187354274 0.984251968504,
            -1.17958459237 0.893500607201 0.984251968504,
            -1.22265560489 0.833592476837 0.984251968504,
            -1.26268690294 0.771611904233 0.984251968504,
            -1.2995789624 0.707712982858 0.984251968504,
            -1.33324006379 0.642054575499 0.984251968504,
            -1.36358652032 0.574799919302 0.984251968504,
            -1.3905428859 0.506116219939 0.984251968504,
            -1.41404214278 0.436174235908 0.984251968504,
            -1.43402586808 0.365147854003 0.984251968504,
            -1.45044437914 0.293213656998 0.984251968504,
            -1.46325685693 0.220550484643 0.984251968504,
            -1.47243144762 0.147338989033 0.984251968504,
            -1.47794534173 0.0737611854811 0.984251968504
            ]
        }
        normal Normal {
            vector [
0 0 1,
            0 0 1,
            0 0 1,
            0 0 1,
            0 0 1,
            0 0 1,
            0 0 1,
            0 0 1,
            0 0 1,
            0 0 1,
            0 0 1,
            0 0 1,
            0 0 1,
            0 0 1,
            0 0 1,
            0 0 1,
            0 0 1,
            0 0 1,
            0 0 1,
            0 0 1,
            0 0 1,
            0 0 1,
            0 0 1,
            0 0 1,
            0 0 1,
            0 0 1,
            0 0 1,
            0 0 1,
            0 0 1,
            0 0 1,
            0 0 1,
            0 0 1,
            0 0 1,
            0 0 1,
            0 0 1,
            0 0 1,
            0 0 1,
            0 0 1,
            0 0 1,
            0 0 1,
            0 0 1,
            0 0 1,
            0 0 1,
            0 0 1,
            0 0 1,
            0 0 1,
            0 0 1,
            0 0 1,
            0 0 1,
            0 0 1,
            0 0 1,
            0 0 1,
            0 0 1,
            0 0 1,
            0 0 1,
            0 0 1,
            0 0 1,
            0 0 1,
            0 0 1,
            0 0 1,
            0 0 1,
            0 0 1,
            0 0 1,
            0 0 1,
            0 0 1,
            0 0 1,
            0 0 1,
            0 0 1,
            0 0 1,
            0 0 1,
            0 0 1,
            0 0 1,
            0 0 1,
            0 0 1,
            0 0 1,
            0 0 1,
            0 0 1,
            0 0 1,
            0 0 1,
            0 0 1,
            0 0 1,
            0 0 1,
            0 0 1,
            0 0 1,
            0 0 1,
            0 0 1,
            0 0 1,
            0 0 1,
            0 0 1,
            0 0 1,
            0 0 1,
            0 0 1,
            0 0 1,
            0 0 1,
            0 0 1,
            0 0 1,
            0 0 1,
            0 0 1,
            0 0 1,
            0 0 1,
            0 0 1,
            0 0 1,
            0 0 1,
            0 0 1,
            0 0 1,
            0 0 1,
            0 0 1,
            0 0 1,
            0 0 1,
            0 0 1,
            0 0 1,
            0 0 1,
            0 0 1,
            0 0 1,
            0 0 1,
            0 0 1,
            0 0 1,
            0 0 1,
            0 0 1,
            0 0 1,
            0 0 1,
            0 0 1,
            0 0 1,
            0 0 1,
            0 0 1,
            0 0 1
            ]
        }
        coordIndex [
18,16,17, -1,
          13,14,15, -1,
          20,18,19, -1,
          11,12,13, -1,
          11,15,16, -1,
          11,13,15, -1,
          9,10,11, -1,
          23,20,21, -1,
          23,21,22, -1,
          23,16,18, -1,
          23,18,20, -1,
          5,6,7, -1,
          27,24,25, -1,
          27,25,26, -1,
          32,27,28, -1,
          32,28,29, -1,
          32,29,30, -1,
          32,30,31, -1,
          124,0,1, -1,
          124,1,2, -1,
          124,125,0, -1,
          35,33,34, -1,
          36,33,35, -1,
          121,122,123, -1,
          37,32,33, -1,
          37,33,36, -1,
          120,2,3, -1,
          120,3,4, -1,
          120,4,5, -1,
          120,7,8, -1,
          120,8,9, -1,
          120,123,124, -1,
          120,5,7, -1,
          120,121,123, -1,
          120,124,2, -1,
          39,32,37, -1,
          39,23,24, -1,
          39,37,38, -1,
          39,24,27, -1,
          39,27,32, -1,
          117,118,119, -1,
          41,39,40, -1,
          116,119,120, -1,
          116,117,119, -1,
          42,39,41, -1,
          44,39,42, -1,
          44,42,43, -1,
          113,114,115, -1,
          113,115,116, -1,
          112,120,9, -1,
          112,116,120, -1,
          112,113,116, -1,
          47,45,46, -1,
          110,111,112, -1,
          48,45,47, -1,
          50,48,49, -1,
          50,45,48, -1,
          107,108,109, -1,
          107,109,110, -1,
          107,23,39, -1,
          107,39,44, -1,
          107,112,9, -1,
          107,9,11, -1,
          107,44,45, -1,
          107,11,16, -1,
          107,110,112, -1,
          107,16,23, -1,
          51,45,50, -1,
          53,51,52, -1,
          54,51,53, -1,
          55,51,54, -1,
          102,103,104, -1,
          102,104,105, -1,
          102,105,106, -1,
          101,102,106, -1,
          100,101,106, -1,
          58,55,56, -1,
          58,56,57, -1,
          99,100,106, -1,
          59,45,51, -1,
          59,55,58, -1,
          59,51,55, -1,
          61,59,60, -1,
          96,97,98, -1,
          62,59,61, -1,
          95,96,98, -1,
          64,59,62, -1,
          64,62,63, -1,
          65,59,64, -1,
          65,106,107, -1,
          65,107,45, -1,
          65,45,59, -1,
          92,93,94, -1,
          66,106,65, -1,
          90,92,94, -1,
          90,91,92, -1,
          90,94,95, -1,
          89,90,95, -1,
          88,95,98, -1,
          88,89,95, -1,
          88,98,99, -1,
          70,66,67, -1,
          70,67,68, -1,
          70,68,69, -1,
          71,66,70, -1,
          86,87,88, -1,
          85,86,88, -1,
          73,66,71, -1,
          73,71,72, -1,
          74,66,73, -1,
          83,84,85, -1,
          82,83,85, -1,
          76,74,75, -1,
          81,85,88, -1,
          81,82,85, -1,
          77,74,76, -1,
          78,66,74, -1,
          78,74,77, -1,
          79,106,66, -1,
          79,88,99, -1,
          79,66,78, -1,
          79,81,88, -1,
          79,80,81, -1,
          79,99,106, -1
        ]
    }
}
